id,name,alias,created_at,updated_at,model,group,is_popular,is_moderated,added_by_user_id,connector_ids/0,connector_ids/1,connector_ids/2,connector_ids/3,connector_ids/4,connector_ids/5,connector_ids/6,connector_ids/7,connector_ids/8,connector_ids/9,connector_ids/10,connector_ids/11
2,Nissan Leaf,nissan_leaf,2022-04-18T18:30:46.499+02:00,2022-04-18T18:30:46.499+02:00,Leaf,Nissan,false,true,,,,,,,,,,,,,
456,Hongqi,hongqi_e_hs9,,,E-HS9,Hongqi,false,true,,4,7,16,2,17,18,,,,,,
457,Mitsubishi,Mitsubishi_Outlander,,,Outlander PHEV (Plag-in-gibrid),Mitsubishi,false,true,,4,7,16,2,17,18,,,,,,
458,Chery,Chery_eQ5,,,eQ5,Chery,false,true,,4,7,16,2,17,18,,,,,,
3,Nissan LEAF,nissan_leaf,2022-04-20T11:35:30.128+02:00,2022-04-20T11:38:11.988+02:00,LEAF,Nissan,false,true,,9,4,7,3,16,17,15,18,,,,
4,Chevrolet Volt,chevrolet_volt,2022-04-20T11:35:30.133+02:00,2022-04-20T11:38:11.992+02:00,Volt,Chevrolet,false,true,,9,4,7,16,17,15,18,,,,,
5,Tesla Roadster,tesla_roadster,2022-04-20T11:35:30.135+02:00,2022-04-20T11:38:11.993+02:00,Roadster,Tesla,false,true,,9,4,14,6,7,16,17,15,18,,,
6,Tesla Model S,tesla_model_s,2022-04-20T11:35:30.136+02:00,2022-04-20T11:38:11.994+02:00,Model S,Tesla,false,true,,9,7,16,2,1,17,15,18,1,,,
7,Mitsubishi i-MiEV,mitsubishi_i-miev,2022-04-20T11:35:30.138+02:00,2022-04-20T11:38:11.996+02:00,i-MiEV,Mitsubishi,false,true,,4,7,3,16,17,15,18,,,,,
8,BMW ActiveE,bmw_activee,2022-04-20T11:35:30.140+02:00,2022-04-20T11:38:11.997+02:00,ActiveE,BMW,false,true,,4,7,16,17,15,18,,,,,,
9,Ford Focus Electric,ford_focus_electric,2022-04-20T11:35:30.141+02:00,2022-04-20T11:38:11.998+02:00,Focus Electric,Ford,false,true,,4,7,16,17,15,18,,,,,,
10,Honda Fit EV,honda_fit_ev,2022-04-20T11:35:30.143+02:00,2022-04-20T11:38:12.000+02:00,Fit EV,Honda,false,true,,4,7,16,17,15,18,,,,,,
11,Prius Plug-In Hybrid,prius_plug-in_hybrid,2022-04-20T11:35:30.144+02:00,2022-04-20T11:38:12.001+02:00,Prius Plug-In Hybrid,Toyota,false,true,,7,16,17,15,18,,,,,,,
12,CODA Sedan,coda_sedan,2022-04-20T11:35:30.146+02:00,2022-04-20T11:38:12.002+02:00,Sedan,CODA,false,true,,4,7,16,17,15,18,,,,,,
13,Fisker Karma,fisker_karma,2022-04-20T11:35:30.147+02:00,2022-04-20T11:38:12.003+02:00,Karma,Fisker,false,true,,4,7,16,17,15,18,,,,,,
14,Ford C-MAX Energi,ford_c-max_energi,2022-04-20T11:35:30.149+02:00,2022-04-20T11:38:12.004+02:00,C-MAX Energi,Ford,false,true,,4,7,16,17,15,18,,,,,,
15,Ford Fusion Energi,ford_fusion_energi,2022-04-20T11:35:30.150+02:00,2022-04-20T11:38:12.005+02:00,Fusion Energi,Ford,false,true,,4,7,16,17,15,18,,,,,,
16,Toyota RAV4 EV,toyota_rav4_ev,2022-04-20T11:35:30.152+02:00,2022-04-20T11:38:12.006+02:00,RAV4 EV,Toyota,false,true,,4,7,16,17,15,18,,,,,,
18,Smart Fortwo ED,smart_fortwo_ed,2022-04-20T11:35:30.155+02:00,2022-04-20T11:38:12.009+02:00,ED,Smart,false,true,,4,7,16,17,15,18,,,,,,
1,Tesla Model 3,tesla_model_3,2022-04-18T18:30:46.494+02:00,2022-04-20T11:38:12.054+02:00,Model 3,Tesla,false,true,,9,7,16,2,1,17,15,18,1,,,
93,Mercedes SLS,mercedes_sls,2022-04-20T11:35:30.262+02:00,2022-04-20T11:38:12.082+02:00,SLS,Mercedes,false,true,,15,18,12,,,,,,,,,
103,Mercedes A250e,mercedes_a250e,2022-04-20T11:35:30.276+02:00,2022-04-20T11:38:12.091+02:00,A250e,Mercedes,false,true,,4,7,12,15,18,,,,,,,
104,MAN eTGE,man_etge,2022-04-20T11:35:30.277+02:00,2022-04-20T11:38:12.092+02:00,eTGE,MAN,false,true,,15,18,12,,,,,,,,,
157,Peugeot e-208,peugeot_e-208,2022-04-20T11:35:30.366+02:00,2022-04-20T11:38:12.142+02:00,e-208,Peugeot,false,true,,7,16,2,17,18,,,,,,,
79,Song E300/E400/E500,song_e300/e400/e500,2022-04-20T11:35:30.242+02:00,2022-04-20T11:38:12.070+02:00,Song E300/E400,BYD,false,true,,4,7,12,16,2,17,15,18,,,,
80,LR Range Rover Sport,lr_range_rover_sport,2022-04-20T11:35:30.243+02:00,2022-04-20T11:38:12.071+02:00,Range Rover Sport,LR,false,true,,15,18,12,,,,,,,,,
81,Xiaopeng XPeng G3,xiaopeng_xpeng_g3,2022-04-20T11:35:30.245+02:00,2022-04-20T11:38:12.072+02:00,XPeng G3,Xiaopeng,false,true,,7,12,16,2,17,15,18,,,,,
82,BYD e5,byd_e5,2022-04-20T11:35:30.246+02:00,2022-04-20T11:38:12.073+02:00,e5,BYD,false,true,,7,14,12,2,15,18,,,,,,
83,Chery Tiggo 3xe,chery_tiggo_3xe,2022-04-20T11:35:30.247+02:00,2022-04-20T11:38:12.073+02:00,Tiggo 3xe,Chery,false,true,,7,12,2,15,18,,,,,,,
84,BYD F3 DM,byd_f3_dm,2022-04-20T11:35:30.249+02:00,2022-04-20T11:38:12.074+02:00,F3 DM,BYD,false,true,,15,18,12,,,,,,,,,
85,Honda e,honda_e,2022-04-20T11:35:30.250+02:00,2022-04-20T11:38:12.075+02:00,e,Mini,false,true,,4,7,12,15,18,,,,,,,
86,Seat Altea,seat_altea,2022-04-20T11:35:30.251+02:00,2022-04-20T11:38:12.076+02:00,Altea,Seat,false,true,,15,18,12,,,,,,,,,
87,Geely LEVC TX5,geely_levc_tx5,2022-04-20T11:35:30.253+02:00,2022-04-20T11:38:12.077+02:00,LEVC TX5,Geely,false,true,,15,18,12,,,,,,,,,
88,Volkswagen Touareg GTE,volkswagen_touareg_gte,2022-04-20T11:35:30.254+02:00,2022-04-20T11:38:12.078+02:00,Touareg GTE,Volkswagen,false,true,,15,18,12,,,,,,,,,
105,Volvo S60 T6 Plug-In Hybrid,volvo_s60_t6_plug-in_hybrid,2022-04-20T11:35:30.278+02:00,2022-04-20T11:38:12.094+02:00,S60 T6 Plug-In Hybrid,Volvo,false,true,,4,7,12,16,17,15,18,,,,,
106,McLaren P1,mclaren_p1,2022-04-20T11:35:30.280+02:00,2022-04-20T11:38:12.095+02:00,P1,McLaren,false,true,,15,18,12,,,,,,,,,
107,Citroën Berlingo,citroën_berlingo,2022-04-20T11:35:30.281+02:00,2022-04-20T11:38:12.096+02:00,Berlingo,Citroën,false,true,,15,18,12,,,,,,,,,
108,Volvo C30,volvo_c30,2022-04-20T11:35:30.283+02:00,2022-04-20T11:38:12.097+02:00,C30,Volvo,false,true,,15,18,12,,,,,,,,,
109,Seat Mii,seat_mii,2022-04-20T11:35:30.284+02:00,2022-04-20T11:38:12.097+02:00,Mii,Seat,false,true,,7,12,16,2,17,15,18,,,,,
110,Smart EQ Forfour,smart_eq_forfour,2022-04-20T11:35:30.285+02:00,2022-04-20T11:38:12.099+02:00,Smart Forfour,Smart,false,true,,4,7,12,15,18,,,,,,,
111,Mercedes E300e,mercedes_e300e,2022-04-20T11:35:30.287+02:00,2022-04-20T11:38:12.100+02:00,E300e,Mercedes,false,true,,15,18,12,,,,,,,,,
112,Goupil G3,goupil_g3,2022-04-20T11:35:30.290+02:00,2022-04-20T11:38:12.101+02:00,G3,Goupil,false,true,,15,18,12,,,,,,,,,
113,Mercedes A E-Cell,mercedes_a_e-cell,2022-04-20T11:35:30.291+02:00,2022-04-20T11:38:12.102+02:00,A E-Cell,Mercedes,false,true,,15,18,12,,,,,,,,,
114,JAC iEV7S,jac_iev7s,2022-04-20T11:35:30.293+02:00,2022-04-20T11:38:12.103+02:00,iEV7S,JAC,false,true,,15,18,12,,,,,,,,,
115,Bollore Blue Summer,bollore_blue_summer,2022-04-20T11:35:30.295+02:00,2022-04-20T11:38:12.104+02:00,Blue Summer,Bollore,false,true,,15,18,12,,,,,,,,,
116,Mitsubishi Minicab MiEV,mitsubishi_minicab_miev,2022-04-20T11:35:30.296+02:00,2022-04-20T11:38:12.105+02:00,Mitsubishi Minicab MiEV,Mitsubishi,false,true,,15,18,12,7,,,,,,,,
117,Smart Fortwo ED W453,smart_fortwo_ed_w453,2022-04-20T11:35:30.298+02:00,2022-04-20T11:38:12.106+02:00,Fortwo ED W453,Smart,false,true,,4,7,12,15,18,,,,,,,
118,Volkswagen e-Crafter,volkswagen_e-crafter,2022-04-20T11:35:30.300+02:00,2022-04-20T11:38:12.107+02:00,e-Crafter,Volkswagen,false,true,,15,18,12,,,,,,,,,
119,Volkswagen XL1,volkswagen_xl1,2022-04-20T11:35:30.302+02:00,2022-04-20T11:38:12.107+02:00,XL1,Volkswagen,false,true,,15,18,12,,,,,,,,,
120,Song Pro,song_pro,2022-04-20T11:35:30.303+02:00,2022-04-20T11:38:12.108+02:00,Song Pro,BYD,false,true,,4,7,12,2,15,18,,,,,,
121,GAC Trumpchi GE3,gac_trumpchi_ge3,2022-04-20T11:35:30.305+02:00,2022-04-20T11:38:12.109+02:00,Trumpchi GE3,GAC,false,true,,7,12,2,15,18,,,,,,,
122,Skoda OCTAVIA iV,skoda_octavia_iv,2022-04-20T11:35:30.306+02:00,2022-04-20T11:38:12.110+02:00,OCTAVIA iV,Skoda,false,true,,15,18,12,7,,,,,,,,
123,LR Range Rover,lr_range_rover,2022-04-20T11:35:30.308+02:00,2022-04-20T11:38:12.111+02:00,Range Rover,LR,false,true,,15,18,12,,,,,,,,,
124,Mercedes S560e,mercedes_s560e,2022-04-20T11:35:30.310+02:00,2022-04-20T11:38:12.112+02:00,S560e,Mercedes,false,true,,15,18,12,,,,,,,,,
125,Mitsubishi Minicab MiEV Truck,mitsubishi_minicab_miev_truck,2022-04-20T11:35:30.311+02:00,2022-04-20T11:38:12.113+02:00,Mitsubishi Minicab Miev Truck,Mitsubishi,false,true,,15,18,12,7,,,,,,,,
126,JaC iEV7S,jac_iev7s,2022-04-20T11:35:30.313+02:00,2022-04-20T11:38:12.114+02:00,iEV7S,JaC,false,true,,15,18,12,,,,,,,,,
128,SAIC Maxus80 LDV,saic_maxus80_ldv,2022-04-20T11:35:30.317+02:00,2022-04-20T11:38:12.116+02:00,Maxus80 LDV,SAIC,false,true,,15,18,12,,,,,,,,,
129,Mercedes GLC350e,mercedes_glc350e,2022-04-20T11:35:30.319+02:00,2022-04-20T11:38:12.117+02:00,GLC350e,Mercedes,false,true,,15,18,12,,,,,,,,,
130,Mia Electric,mia_electric,2022-04-20T11:35:30.320+02:00,2022-04-20T11:38:12.118+02:00,Electric,Mia,false,true,,15,18,12,,,,,,,,,
131,Mercedes GLE560e,mercedes_gle560e,2022-04-20T11:35:30.322+02:00,2022-04-20T11:38:12.119+02:00,GLE560e,Mercedes,false,true,,15,18,12,,,,,,,,,
132,Toyota Prius Gen-1,toyota_prius_gen-1,2022-04-20T11:35:30.323+02:00,2022-04-20T11:38:12.119+02:00,Prius Gen-1,Toyota,false,true,,15,18,12,,,,,,,,,
133,Volkswagen Tiguan Plug-In Hybrid,volkswagen_tiguan_plug-in_hybrid,2022-04-20T11:35:30.325+02:00,2022-04-20T11:38:12.120+02:00,Tiguan Plug-In Hybrid,Volkswagen,false,true,,7,12,16,17,15,18,,,,,,
92,Opel Ampera-e,opel_ampera-e,2022-04-20T11:35:30.261+02:00,2022-04-20T11:38:12.082+02:00,Ampera-e,Opel,false,true,,7,12,2,15,18,,,,,,,
134,BMW 2-Ser. Active Tourer,bmw_2-ser._active_tourer,2022-04-20T11:35:30.326+02:00,2022-04-20T11:38:12.121+02:00,2-Ser. Active Tourer,BMW,false,true,,15,18,12,,,,,,,,,
247,BYD e2,byd_e2,2022-04-20T11:35:30.501+02:00,2022-04-20T11:38:12.238+02:00,e2,BYD,false,true,,18,17,16,7,,,,,,,,
158,Peugeot e-2008,peugeot_e-2008,2022-04-20T11:35:30.368+02:00,2022-04-20T11:38:12.143+02:00,e-2008,Peugeot,false,true,,7,16,2,17,18,,,,,,,
135,Kia Niro EV 2019,kia_niro_ev_2019,2022-04-20T11:35:30.327+02:00,2022-04-20T11:38:12.122+02:00,Niro EV 2019,Kia,false,true,,9,14,7,16,2,17,15,18,,,,
355,MG Motor Marvel R,mg_motor_marvel_r,2022-04-20T11:35:30.886+02:00,2022-04-20T11:38:12.349+02:00,Marvel R,MG Motor,false,true,,7,16,2,17,15,18,,,,,,
426,Geely Geometry C,geely_geometry_c,2022-04-20T11:35:30.970+02:00,2022-04-20T11:38:12.429+02:00,Geometry C,Geely,false,true,,7,16,2,17,18,,,,,,,
136,Audi e-tron 2019,audi_e-tron_2019,2022-04-20T11:35:30.329+02:00,2022-04-20T11:38:12.123+02:00,e-tron 2019,Audi,false,true,,4,7,14,16,2,17,15,18,,,,
138,Volkswagen e-Golf 2018,volkswagen_e-golf_2018,2022-04-20T11:35:30.332+02:00,2022-04-20T11:38:12.125+02:00,e-Golf 2018,Volkswagen,false,true,,4,7,16,2,17,15,18,,,,,
220,SAIC MINI EV,saic_mini_ev,2022-04-20T11:35:30.466+02:00,2022-04-20T11:38:12.208+02:00,MINI EV,SAIC,false,true,,15,17,7,,,,,,,,,
127,Mercedes C300e,mercedes_c300e,2022-04-20T11:35:30.315+02:00,2022-04-20T11:38:12.246+02:00,C300e/de,Mercedes,false,true,,18,17,16,7,,,,,,,,
90,Bollore Blue Car,bollore_blue_car,2022-04-20T11:35:30.258+02:00,2022-04-20T11:38:12.079+02:00,Blue Car,Bollore,false,true,,15,18,12,,,,,,,,,
91,Citroën e-Mehari,citroën_e-mehari,2022-04-20T11:35:30.260+02:00,2022-04-20T11:38:12.080+02:00,e-Mehari,Citroën,false,true,,15,18,12,,,,,,,,,
94,BYD Tang,byd_tang,2022-04-20T11:35:30.264+02:00,2022-04-20T11:38:12.083+02:00,Tang,BYD,false,true,,4,7,12,2,15,18,,,,,,
95,Volkswagen Golf (VI) Blue-e-motion,volkswagen_golf_(vi)_blue-e-motion,2022-04-20T11:35:30.265+02:00,2022-04-20T11:38:12.084+02:00,Golf (VI) Blue-e-motion,Volkswagen,false,true,,15,18,12,,,,,,,,,
96,Mercedes GLE500e,mercedes_gle500e,2022-04-20T11:35:30.266+02:00,2022-04-20T11:38:12.085+02:00,GLE500e,Mercedes,false,true,,15,18,12,,,,,,,,,
97,Renault Master,renault_master,2022-04-20T11:35:30.268+02:00,2022-04-20T11:38:12.086+02:00,Master,Renault,false,true,,15,18,12,,,,,,,,,
98,Porsche 918,porsche_918,2022-04-20T11:35:30.269+02:00,2022-04-20T11:38:12.087+02:00,918,Porsche,false,true,,15,18,12,,,,,,,,,
99,NEVS 9-3,nevs_9-3,2022-04-20T11:35:30.270+02:00,2022-04-20T11:38:12.088+02:00,9-3,NEVS,false,true,,15,18,12,,,,,,,,,
100,Peugeot Partner,peugeot_partner,2022-04-20T11:35:30.272+02:00,2022-04-20T11:38:12.089+02:00,Partner,Peugeot,false,true,,15,18,12,,,,,,,,,
101,Mercedes eVito,mercedes_evito,2022-04-20T11:35:30.273+02:00,2022-04-20T11:38:12.089+02:00,eVito,Mercedes,false,true,,7,12,16,17,15,18,,,,,,
102,Mercedes B-Class,mercedes_b-class,2022-04-20T11:35:30.275+02:00,2022-04-20T11:38:12.090+02:00,B-Class,Mercedes,false,true,,15,18,12,4,,,,,,,,
144,Zero SR/S,zero_sr/s,2022-04-20T11:35:30.346+02:00,2022-04-20T11:38:12.130+02:00,SR/S,Zero Motorcycles,false,true,,4,7,16,17,15,18,,,,,,
145,Zero DSR,zero_dsr,2022-04-20T11:35:30.348+02:00,2022-04-20T11:38:12.131+02:00,DSR,Zero Motorcycles,false,true,,4,7,16,17,15,18,,,,,,
146,Honda e 2020,honda_e_2020,2022-04-20T11:35:30.349+02:00,2022-04-20T11:38:12.132+02:00,e 2020,Honda,false,true,,7,16,2,17,15,,,,,,,
147,Mercedes EQC400,mercedes_eqc400,2022-04-20T11:35:30.351+02:00,2022-04-20T11:38:12.133+02:00,EQC400,Mercedes,false,true,,4,7,16,2,17,15,18,,,,,
153,Tesla Model Y,tesla_model_y,2022-04-20T11:35:30.360+02:00,2022-04-20T11:38:12.138+02:00,Model Y,Tesla,false,true,,9,7,16,2,1,17,18,1,,,,
154,Peugeot 3008 Plug-In Hybrid,peugeot_3008_plug-in_hybrid,2022-04-20T11:35:30.361+02:00,2022-04-20T11:38:12.139+02:00,3008 Plug-In Hybrid,Peugeot,false,true,,7,16,17,15,18,,,,,,,
155,Peugeot 508 SW Plug-In Hybrid,peugeot_508_sw_plug-in_hybrid,2022-04-20T11:35:30.363+02:00,2022-04-20T11:38:12.140+02:00,508 SW Plug-In Hybrid,Peugeot,false,true,,17,16,7,,,,,,,,,
156,Peugeot 508 Plug-In Hybrid,peugeot_508_plug-in_hybrid,2022-04-20T11:35:30.365+02:00,2022-04-20T11:38:12.141+02:00,508 Plug-In Hybrid,Peugeot,false,true,,17,16,7,,,,,,,,,
159,Opel Grandland X Plug-In Hybrid 2020,opel_grandland_x_plug-in_hybrid_2020,2022-04-20T11:35:30.370+02:00,2022-04-20T11:38:12.144+02:00,Grandland X Plug-In Hybrid 2020,Opel,false,true,,17,16,7,,,,,,,,,
160,Opel Corsa-e 2020,opel_corsa-e_2020,2022-04-20T11:35:30.372+02:00,2022-04-20T11:38:12.145+02:00,Corsa-e 2020,Opel,false,true,,2,17,16,7,,,,,,,,
161,Skoda CITIGOᵉ iV,skoda_citigoᵉ_iv,2022-04-20T11:35:30.373+02:00,2022-04-20T11:38:12.146+02:00,CITIGOᵉ iV,Skoda,false,true,,7,16,2,17,15,18,,,,,,
162,Audi Q5 Plug-in Hybrid,audi_q5_plug-in_hybrid,2022-04-20T11:35:30.375+02:00,2022-04-20T11:38:12.147+02:00,Q5 Plug-In Hybrid,Audi,false,true,,4,7,16,2,17,15,18,,,,,
163,BYD S2,byd_s2,2022-04-20T11:35:30.377+02:00,2022-04-20T11:38:12.148+02:00,S2,BYD,false,true,,14,16,17,15,18,,,,,,,
164,Volvo S60 Recharge Plug-In Hybrid 2019,volvo_s60_recharge_plug-in_hybrid_2019,2022-04-20T11:35:30.378+02:00,2022-04-20T11:38:12.149+02:00,S60 Recharge Plug-In Hybrid 2019,Volvo,false,true,,4,7,16,17,18,,,,,,,
165,Land Rover Range Rover Plug-In Hybrid 2020,land_rover_range_rover_plug-in_hybrid_2020,2022-04-20T11:35:30.380+02:00,2022-04-20T11:38:12.150+02:00,Range Rover Plug-In Hybrid 2020,Land Rover,false,true,,18,17,16,7,,,,,,,,
166,Land Rover Range Rover Sport Plug-In Hybrid 2020,land_rover_range_rover_sport_plug-in_hybrid_2020,2022-04-20T11:35:30.381+02:00,2022-04-20T11:38:12.151+02:00,Range Rover Sport Plug-In Hybrid 2020,Land Rover,false,true,,4,14,16,17,15,18,,,,,,
167,BMW X3 xDrive30e Plug-In Hybrid 2020,bmw_x3_xdrive30e_plug-in_hybrid_2020,2022-04-20T11:35:30.383+02:00,2022-04-20T11:38:12.152+02:00,X3 xDrive30e Plug-In Hybrid 2020,BMW,false,true,,4,7,16,17,15,18,,,,,,
168,Ford Fusion Plug-In Hybrid 2020,ford_fusion_plug-in_hybrid_2020,2022-04-20T11:35:30.385+02:00,2022-04-20T11:38:12.153+02:00,Fusion Plug-In Hybrid Titanium 2020,Ford,false,true,,4,7,16,17,15,18,,,,,,
169,Volvo S60 Recharge Plug-In Hybrid 2020,volvo_s60_recharge_plug-in_hybrid_2020,2022-04-20T11:35:30.386+02:00,2022-04-20T11:38:12.154+02:00,S60 Recharge Plug-In Hybrid 2020,Volvo,false,true,,4,7,16,17,15,18,,,,,,
170,BMW X5 xDrive45e Plug-In Hybrid 2020,bmw_x5_xdrive45e_plug-in_hybrid_2020,2022-04-20T11:35:30.388+02:00,2022-04-20T11:38:12.154+02:00,X5 xDrive45e Plug-In Hybrid 2020,BMW,false,true,,7,16,17,15,18,,,,,,,
171,Volvo XC40 Recharge Plug-In Hybrid 2020,volvo_xc40_recharge_plug-in_hybrid_2020,2022-04-20T11:35:30.389+02:00,2022-04-20T11:38:12.155+02:00,XC40 Recharge Plug-In Hybrid 2020,Volvo,false,true,,18,17,16,7,,,,,,,,
172,Mini Cooper SE 2020,mini_cooper_se_2020,2022-04-20T11:35:30.391+02:00,2022-04-20T11:38:12.156+02:00,Cooper SE 2020,Mini,false,true,,4,7,16,2,17,15,,,,,,
173,Mini Countryman Plug-In Hybrid 2020,mini_countryman_plug-in_hybrid_2020,2022-04-20T11:35:30.392+02:00,2022-04-20T11:38:12.157+02:00,Countryman Plug-In Hybrid 2020,Mini,false,true,,15,17,16,7,,,,,,,,
174,BMW i3 2019,bmw_i3_2019,2022-04-20T11:35:30.394+02:00,2022-04-20T11:38:12.158+02:00,i3 2019,BMW,false,true,,4,7,16,2,17,15,18,,,,,
175,BMW i3 2020,bmw_i3_2020,2022-04-20T11:35:30.396+02:00,2022-04-20T11:38:12.159+02:00,i3 2020,BMW,false,true,,4,7,16,2,17,15,18,,,,,
176,Kia Niro Plug-In Hybrid 2020,kia_niro_plug-in_hybrid_2020,2022-04-20T11:35:30.397+02:00,2022-04-20T11:38:12.160+02:00,Niro Plug-In Hybrid 2020,Kia,false,true,,4,7,16,17,15,18,,,,,,
177,Kia Niro Plug-In Hybrid 2019,kia_niro_plug-in_hybrid_2019,2022-04-20T11:35:30.399+02:00,2022-04-20T11:38:12.161+02:00,Niro Plug-In Hybrid 2019,Kia,false,true,,4,7,16,17,15,18,,,,,,
179,Porsche Panamera 4 E-Hybrid 2019,porsche_panamera_4_e-hybrid_2019,2022-04-20T11:35:30.402+02:00,2022-04-20T11:38:12.163+02:00,Panamera 4 E-Hybrid 2019,Porsche,false,true,,4,7,16,17,15,18,,,,,,
140,Porsche Taycan 2020,porsche_taycan_2020,2022-04-20T11:35:30.340+02:00,2022-04-20T11:38:12.126+02:00,Taycan 2020,Porsche,false,true,,4,7,16,2,17,15,18,,,,,
141,Kia Soul EV 2019,kia_soul_ev_2019,2022-04-20T11:35:30.342+02:00,2022-04-20T11:38:12.127+02:00,Soul EV 2019,Kia,false,true,,4,7,3,16,2,17,15,18,,,,
142,MG Motor ZS EV,mg_motor_zs_ev,2022-04-20T11:35:30.343+02:00,2022-04-20T11:38:12.128+02:00,ZS EV,MG Motor,false,true,,2,17,16,7,,,,,,,,
143,Zero SR/F,zero_sr/f,2022-04-20T11:35:30.345+02:00,2022-04-20T11:38:12.129+02:00,SR/F,Zero Motorcycles,false,true,,4,7,16,17,15,18,,,,,,
148,Kia Soul EV 2020,kia_soul_ev_2020,2022-04-20T11:35:30.353+02:00,2022-04-20T11:38:12.134+02:00,Soul EV 2020,Kia,false,true,,4,7,16,2,17,15,18,,,,,
149,Energica EVA 107,energica_eva_107,2022-04-20T11:35:30.354+02:00,2022-04-20T11:38:12.135+02:00,EVA 107,Energica,false,true,,4,16,2,17,15,,,,,,,
150,Energica EGO,energica_ego,2022-04-20T11:35:30.356+02:00,2022-04-20T11:38:12.135+02:00,EGO,Energica,false,true,,4,16,2,17,15,,,,,,,
151,Energica EVA Ribelle,energica_eva_ribelle,2022-04-20T11:35:30.358+02:00,2022-04-20T11:38:12.136+02:00,EVA Ribelle,Energica,false,true,,4,16,2,17,15,,,,,,,
152,Energica EVA EsseEsse9,energica_eva_esseesse9,2022-04-20T11:35:30.359+02:00,2022-04-20T11:38:12.137+02:00,EVA EsseEsse9,Energica,false,true,,4,16,2,17,15,,,,,,,
189,Audi A8 Plug-In Hybrid,audi_a8_plug-in_hybrid,2022-04-20T11:35:30.420+02:00,2022-04-20T11:38:12.174+02:00,A8 Plug-In Hybrid,Audi,false,true,,4,7,16,17,15,18,,,,,,
190,Audi e-tron Sportback,audi_e-tron_sportback,2022-04-20T11:35:30.422+02:00,2022-04-20T11:38:12.175+02:00,e-tron Sportback,Audi,false,true,,4,7,14,16,2,17,15,18,,,,
191,Ford Kuga,ford_kuga,2022-04-20T11:35:30.423+02:00,2022-04-20T11:38:12.175+02:00,Kuga,Ford,false,true,,4,7,16,17,15,18,,,,,,
192,e.GO Life,e.go_life,2022-04-20T11:35:30.425+02:00,2022-04-20T11:38:12.176+02:00,Life,e.GO,false,true,,7,16,17,15,18,,,,,,,
193,Ford Escape Plug-In Hybrid 2020,ford_escape_plug-in_hybrid_2020,2022-04-20T11:35:30.426+02:00,2022-04-20T11:38:12.177+02:00,Escape Plug-In Hybrid 2020,Ford,false,true,,4,14,7,16,17,15,18,,,,,
194,Ford Mustang Mach-E 2021,ford_mustang_mach-e_2021,2022-04-20T11:35:30.428+02:00,2022-04-20T11:38:12.178+02:00,Mustang Mach-E 2021,Ford,false,true,,2,17,16,7,,,,,,,,
195,Toyota RAV4 Prime 2021,toyota_rav4_prime_2021,2022-04-20T11:35:30.429+02:00,2022-04-20T11:38:12.179+02:00,RAV4 Prime 2021,Toyota,false,true,,18,17,16,7,,,,,,,,
196,Nissan LEAF 2020,nissan_leaf_2020,2022-04-20T11:35:30.431+02:00,2022-04-20T11:38:12.180+02:00,LEAF 2020,Nissan,false,true,,17,3,16,7,,,,,,,,
198,Porsche Cayenne E-Hybrid,porsche_cayenne_e-hybrid,2022-04-20T11:35:30.434+02:00,2022-04-20T11:38:12.183+02:00,Cayenne E-Hybrid,Porsche,false,true,,4,7,16,17,15,18,,,,,,
199,Skoda SUPERB IV,skoda_superb_iv,2022-04-20T11:35:30.436+02:00,2022-04-20T11:38:12.184+02:00,SUPERB IV,Skoda,false,true,,7,16,17,15,18,,,,,,,
200,Audi A6 Plug-In Hybrid,audi_a6_plug-in_hybrid,2022-04-20T11:35:30.437+02:00,2022-04-20T11:38:12.185+02:00,A6 Plug-In Hybrid,Audi,false,true,,4,7,16,17,15,18,,,,,,
201,Energica EVA 80,energica_eva_80,2022-04-20T11:35:30.439+02:00,2022-04-20T11:38:12.186+02:00,EVA 80,Energica,false,true,,4,16,17,15,18,,,,,,,
202,Audi A7 Plug-In Hybrid,audi_a7_plug-in_hybrid,2022-04-20T11:35:30.440+02:00,2022-04-20T11:38:12.187+02:00,A7 Sportback Plug-In Hybrid,Audi,false,true,,4,7,16,17,15,18,,,,,,
203,Mini Cooper SE 2021,mini_cooper_se_2021,2022-04-20T11:35:30.442+02:00,2022-04-20T11:38:12.188+02:00,Cooper SE 2021,Mini,false,true,,4,7,16,2,17,15,18,,,,,
204,Kia Optima Plug-In Hybrid 2020,kia_optima_plug-in_hybrid_2020,2022-04-20T11:35:30.443+02:00,2022-04-20T11:38:12.190+02:00,Optima Plug-In Hybrid 2020,Kia,false,true,,4,7,16,17,15,18,,,,,,
205,Volkswagen e-Up! 2020,volkswagen_e-up!_2020,2022-04-20T11:35:30.445+02:00,2022-04-20T11:38:12.191+02:00,e-Up! 2020,Volkswagen,false,true,,4,7,16,2,17,15,18,,,,,
206,Volkswagen ID.3,volkswagen_id.3,2022-04-20T11:35:30.446+02:00,2022-04-20T11:38:12.192+02:00,ID.3,Volkswagen,false,true,,4,7,16,2,17,15,18,,,,,
207,Volkswagen ID.3 1st,volkswagen_id.3_1st,2022-04-20T11:35:30.448+02:00,2022-04-20T11:38:12.193+02:00,ID.3 1st,Volkswagen,false,true,,4,7,16,2,17,15,18,,,,,
208,Volkswagen e-Golf 2020,volkswagen_e-golf_2020,2022-04-20T11:35:30.450+02:00,2022-04-20T11:38:12.194+02:00,e-Golf 2020,Volkswagen,false,true,,4,7,16,2,17,15,18,,,,,
209,Mercedes GLC300e,mercedes_glc300e,2022-04-20T11:35:30.451+02:00,2022-04-20T11:38:12.195+02:00,GLC300e,Mercedes,false,true,,4,7,16,17,15,18,,,,,,
210,Hyundai Kona Electric 2021,hyundai_kona_electric_2021,2022-04-20T11:35:30.453+02:00,2022-04-20T11:38:12.196+02:00,Kona Electric 2021,Hyundai,false,true,,7,16,2,17,15,18,,,,,,
211,Renault Captur E-Tech Plug-In Hybrid,renault_captur_e-tech_plug-in_hybrid,2022-04-20T11:35:30.455+02:00,2022-04-20T11:38:12.197+02:00,Captur E-Tech Plug-In Hybrid,Renault,false,true,,4,7,16,17,18,,,,,,,
212,Kia Ceed Sportswagon Plug-in Hybrid 2020,kia_ceed_sportswagon_plug-in_hybrid_2020,2022-04-20T11:35:30.456+02:00,2022-04-20T11:38:12.199+02:00,Ceed Sportswagon Plug-in Hybrid 2020,Kia,false,true,,18,17,16,7,,,,,,,,
213,Kia XCeed Plug-In Hybrid 2020,kia_xceed_plug-in_hybrid_2020,2022-04-20T11:35:30.457+02:00,2022-04-20T11:38:12.200+02:00,XCeed Plug-In Hybrid 2020,Kia,false,true,,18,17,16,7,,,,,,,,
214,DS 3 Crossback E-Tense,ds_3_crossback_e-tense,2022-04-20T11:35:30.459+02:00,2022-04-20T11:38:12.201+02:00,3 Crossback E-Tense,DS,false,true,,7,16,2,17,15,18,,,,,,
215,Mazda MX-30,mazda_mx-30,2022-04-20T11:35:30.460+02:00,2022-04-20T11:38:12.202+02:00,MX-30,Mazda,false,true,,4,7,16,2,17,15,18,,,,,
216,Volvo V60 Recharge Plug-In Hybrid 2020,volvo_v60_recharge_plug-in_hybrid_2020,2022-04-20T11:35:30.462+02:00,2022-04-20T11:38:12.203+02:00,V60 Recharge Plug-In Hybrid 2020,Volvo,false,true,,4,7,16,17,15,18,,,,,,
217,BMW X1 xDrive25e Plug-In Hybrid 2020,bmw_x1_xdrive25e_plug-in_hybrid_2020,2022-04-20T11:35:30.463+02:00,2022-04-20T11:38:12.204+02:00,X1 xDrive25e Plug-In Hybrid 2020,BMW,false,true,,7,14,16,17,15,18,,,,,,
218,BMW X2 xDrive25e Plug-In Hybrid 2020,bmw_x2_xdrive25e_plug-in_hybrid_2020,2022-04-20T11:35:30.464+02:00,2022-04-20T11:38:12.205+02:00,X2 xDrive25e Plug-In Hybrid 2020,BMW,false,true,,7,16,17,15,18,,,,,,,
219,Mercedes CLA250e,mercedes_cla250e,2022-04-20T11:35:30.465+02:00,2022-04-20T11:38:12.207+02:00,CLA250e,Mercedes,false,true,,7,16,17,15,18,,,,,,,
181,Polestar 2,polestar_2,2022-04-20T11:35:30.405+02:00,2022-04-20T11:38:12.166+02:00,2,Polestar,false,true,,4,7,16,2,17,15,18,,,,,
182,Polestar 1,polestar_1,2022-04-20T11:35:30.407+02:00,2022-04-20T11:38:12.167+02:00,1,Polestar,false,true,,4,7,16,2,17,15,18,,,,,
183,Renault New ZOE Z.E.,renault_new_zoe_z.e.,2022-04-20T11:35:30.409+02:00,2022-04-20T11:38:12.168+02:00,New ZOE Z.E.,Renault,false,true,,7,16,2,17,15,18,,,,,,
184,Kia Niro EV 2020,kia_niro_ev_2020,2022-04-20T11:35:30.411+02:00,2022-04-20T11:38:12.169+02:00,Niro EV 2020,Kia,false,true,,9,7,14,16,2,17,15,18,,,,
185,Hyundai Kona Electric 2020,hyundai_kona_electric_2020,2022-04-20T11:35:30.412+02:00,2022-04-20T11:38:12.170+02:00,Kona Electric 2020,Hyundai,false,true,,7,16,2,17,15,18,,,,,,
186,Hyundai Ioniq Electric 2020,hyundai_ioniq_electric_2020,2022-04-20T11:35:30.414+02:00,2022-04-20T11:38:12.171+02:00,Ioniq Electric 2020,Hyundai,false,true,,7,16,2,17,15,18,,,,,,
187,Hyundai Ioniq Electric 2019,hyundai_ioniq_electric_2019,2022-04-20T11:35:30.415+02:00,2022-04-20T11:38:12.172+02:00,Ioniq Electric 2019,Hyundai,false,true,,4,7,16,2,17,15,18,,,,,
188,Audi Q7 Plug-In Hybrid,audi_q7_plug-in_hybrid,2022-04-20T11:35:30.417+02:00,2022-04-20T11:38:12.172+02:00,Q7 Plug-In Hybrid,Audi,false,true,,4,7,16,17,15,18,,,,,,
197,BMW C-Evolution,bmw_c-evolution,2022-04-20T11:35:30.433+02:00,2022-04-20T11:38:12.181+02:00,C-Evolution,BMW,false,true,,4,7,16,17,15,18,,,,,,
231,Karma Revero,karma_revero,2022-04-20T11:35:30.480+02:00,2022-04-20T11:38:12.220+02:00,Revero,Karma,false,true,,4,7,16,17,15,,,,,,,
232,Fiat New 500,fiat_new_500,2022-04-20T11:35:30.481+02:00,2022-04-20T11:38:12.222+02:00,New 500,Fiat,false,true,,7,16,2,17,18,,,,,,,
233,Lexus UX 300e,lexus_ux_300e,2022-04-20T11:35:30.482+02:00,2022-04-20T11:38:12.223+02:00,UX 300e,Lexus,false,true,,7,3,16,17,15,18,,,,,,
234,Volkswagen e-Lavida,volkswagen_e-lavida,2022-04-20T11:35:30.483+02:00,2022-04-20T11:38:12.225+02:00,e-Lavida,Volkswagen,false,true,,7,16,2,17,18,,,,,,,
235,Volkswagen e-Bora,volkswagen_e-bora,2022-04-20T11:35:30.484+02:00,2022-04-20T11:38:12.226+02:00,e-Bora,Volkswagen,false,true,,18,13,12,17,,,,,,,,
236,Seat Leon e-Hybrid,seat_leon_e-hybrid,2022-04-20T11:35:30.485+02:00,2022-04-20T11:38:12.227+02:00,Leon e-Hybrid,Seat,false,true,,7,16,17,15,18,,,,,,,
237,Seat Leon Sportstourer e-Hybrid,seat_leon_sportstourer_e-hybrid,2022-04-20T11:35:30.486+02:00,2022-04-20T11:38:12.228+02:00,Leon Sportstourer e-Hybrid,Seat,false,true,,18,17,16,7,,,,,,,,
238,Seat Tarraco e-Hybrid,seat_tarraco_e-hybrid,2022-04-20T11:35:30.488+02:00,2022-04-20T11:38:12.229+02:00,Tarraco e-Hybrid,Seat,false,true,,18,17,16,7,,,,,,,,
239,Tata Nexon,tata_nexon,2022-04-20T11:35:30.490+02:00,2022-04-20T11:38:12.230+02:00,Nexon,Tata,false,true,,7,16,2,17,18,,,,,,,
240,Volkswagen ID.4,volkswagen_id.4,2022-04-20T11:35:30.491+02:00,2022-04-20T11:38:12.231+02:00,ID.4,Volkswagen,false,true,,7,16,2,17,15,18,,,,,,
241,Mercedes GLE350 Plug-In Hybrid,mercedes_gle350_plug-in_hybrid,2022-04-20T11:35:30.492+02:00,2022-04-20T11:38:12.232+02:00,GLE350 Plug-In Hybrid,Mercedes,false,true,,18,17,16,7,,,,,,,,
242,Renault Twingo Z.E.,renault_twingo_z.e.,2022-04-20T11:35:30.494+02:00,2022-04-20T11:38:12.233+02:00,Twingo Z.E.,Renault,false,true,,18,17,16,7,,,,,,,,
243,MG Motor MG5 EV,mg_motor_mg5_ev,2022-04-20T11:35:30.495+02:00,2022-04-20T11:38:12.234+02:00,MG5 EV,MG Motor,false,true,,7,16,2,17,18,,,,,,,
244,BMW X3 xDrive30e Plug-In Hybrid 2021,bmw_x3_xdrive30e_plug-in_hybrid_2021,2022-04-20T11:35:30.496+02:00,2022-04-20T11:38:12.235+02:00,X3 xDrive30e Plug-In Hybrid 2021,BMW,false,true,,4,7,16,17,15,18,,,,,,
245,Skoda ENYAQ iV,skoda_enyaq_iv,2022-04-20T11:35:30.497+02:00,2022-04-20T11:38:12.236+02:00,ENYAQ iV,Skoda,false,true,,7,16,2,17,18,,,,,,,
246,Volkswagen Passat Sportscombi GTE Plug-In Hybrid,volkswagen_passat_sportscombi_gte_plug-in_hybrid,2022-04-20T11:35:30.499+02:00,2022-04-20T11:38:12.237+02:00,Passat Sportscombi GTE Plug-In Hybrid,Volkswagen,false,true,,18,17,16,7,,,,,,,,
248,Volvo V60 Recharge Plug-In Hybrid 2021,volvo_v60_recharge_plug-in_hybrid_2021,2022-04-20T11:35:30.503+02:00,2022-04-20T11:38:12.239+02:00,V60 Recharge Plug-In Hybrid 2021,Volvo,false,true,,4,7,16,17,15,18,,,,,,
249,Porsche Taycan 2021,porsche_taycan_2021,2022-04-20T11:35:30.504+02:00,2022-04-20T11:38:12.240+02:00,Taycan 2021,Porsche,false,true,,4,7,16,2,17,15,18,,,,,
250,Fiat Fiorino Micro-Vett,fiat_fiorino_micro-vett,2022-04-20T11:35:30.505+02:00,2022-04-20T11:38:12.241+02:00,Fiorino Micro-Vett,Fiat,false,true,,18,17,16,7,,,,,,,,
251,Citroën e-C4,citroën_e-c4,2022-04-20T11:35:30.507+02:00,2022-04-20T11:38:12.242+02:00,e-C4,Citroën,false,true,,7,16,2,17,18,,,,,,,
252,AvtoVAZ Lada Ellada,avtovaz_lada_ellada,2022-04-20T11:35:30.508+02:00,2022-04-20T11:38:12.243+02:00,Lada Ellada,AvtoVAZ,false,true,,2,17,7,,,,,,,,,
253,Mercedes GLA250e,mercedes_gla250e,2022-04-20T11:35:30.510+02:00,2022-04-20T11:38:12.244+02:00,GLA250e,Mercedes,false,true,,18,17,16,7,,,,,,,,
254,BMW iX3 2020,bmw_ix3_2020,2022-04-20T11:35:30.511+02:00,2022-04-20T11:38:12.245+02:00,iX3 2020,BMW,false,true,,7,16,2,17,18,,,,,,,
255,Nissan LEAF 2021,nissan_leaf_2021,2022-04-20T11:35:30.515+02:00,2022-04-20T11:38:12.247+02:00,LEAF 2021,Nissan,false,true,,7,3,16,17,18,,,,,,,
256,Audi e-tron 2020,audi_e-tron_2020,2022-04-20T11:35:30.516+02:00,2022-04-20T11:38:12.248+02:00,e-tron 2020,Audi,false,true,,4,7,14,16,2,17,15,18,,,,
257,Audi e-tron 2021,audi_e-tron_2021,2022-04-20T11:35:30.517+02:00,2022-04-20T11:38:12.249+02:00,e-tron 2021,Audi,false,true,,4,7,14,16,2,17,15,18,,,,
258,BYD EV360,byd_ev360,2022-04-20T11:35:30.518+02:00,2022-04-20T11:38:12.250+02:00,EV360,BYD,false,true,,7,16,2,17,18,,,,,,,
259,Audi e-tron GT 2021,audi_e-tron_gt_2021,2022-04-20T11:35:30.520+02:00,2022-04-20T11:38:12.251+02:00,e-tron GT 2021,Audi,false,true,,4,7,14,16,2,17,15,18,,,,
261,Aiways U5 2021,aiways_u5_2021,2022-04-20T11:35:30.522+02:00,2022-04-20T11:38:12.253+02:00,U5 2021,Aiways,false,true,,7,16,2,17,18,,,,,,,
262,Hyundai Kona Electric 2022,hyundai_kona_electric_2022,2022-04-20T11:35:30.523+02:00,2022-04-20T11:38:12.254+02:00,Kona Electric 2022,Hyundai,false,true,,7,16,2,17,18,,,,,,,
263,Hyundai Ioniq Electric 2021,hyundai_ioniq_electric_2021,2022-04-20T11:35:30.524+02:00,2022-04-20T11:38:12.254+02:00,Ioniq Electric 2021,Hyundai,false,true,,7,16,2,17,18,,,,,,,
221,FOMM One EV,fomm_one_ev,2022-04-20T11:35:30.467+02:00,2022-04-20T11:38:12.209+02:00,One EV,FOMM,false,true,,7,16,17,15,18,,,,,,,
222,Mercedes EQV,mercedes_eqv,2022-04-20T11:35:30.469+02:00,2022-04-20T11:38:12.210+02:00,EQV,Mercedes,false,true,,7,16,2,17,15,18,,,,,,
223,Mercedes eSprinter,mercedes_esprinter,2022-04-20T11:35:30.470+02:00,2022-04-20T11:38:12.211+02:00,eSprinter,Mercedes,false,true,,18,17,16,7,,,,,,,,
224,Sebring Vanguard Citicar,sebring_vanguard_citicar,2022-04-20T11:35:30.471+02:00,2022-04-20T11:38:12.212+02:00,CitiCar,Sebring Vanguard,false,true,,15,18,16,17,,,,,,,,
225,BMW X5 xDrive45e Plug-In Hybrid 2021,bmw_x5_xdrive45e_plug-in_hybrid_2021,2022-04-20T11:35:30.472+02:00,2022-04-20T11:38:12.213+02:00,X5 xDrive45e Plug-In Hybrid 2021,BMW,false,true,,4,7,16,17,15,18,,,,,,
226,Volvo XC40 Recharge 2020,volvo_xc40_recharge_2020,2022-04-20T11:35:30.473+02:00,2022-04-20T11:38:12.214+02:00,XC40 Recharge 2020,Volvo,false,true,,4,7,16,2,17,15,18,,,,,
227,BMW 330e Plug-In Hybrid 2020,bmw_330e_plug-in_hybrid_2020,2022-04-20T11:35:30.474+02:00,2022-04-20T11:38:12.216+02:00,330e Plug-In Hybrid 2020,BMW,false,true,,4,7,16,17,15,18,,,,,,
228,Jeep Wrangler 4xe Plug-In Hybrid 2021,jeep_wrangler_4xe_plug-in_hybrid_2021,2022-04-20T11:35:30.476+02:00,2022-04-20T11:38:12.217+02:00,Wrangler 4xe Plug-In Hybrid 2021,Jeep,false,true,,7,16,17,15,18,,,,,,,
229,Smart EQ Fortwo,smart_eq_fortwo,2022-04-20T11:35:30.478+02:00,2022-04-20T11:38:12.218+02:00,EQ Fortwo,Smart,false,true,,4,7,16,17,15,18,,,,,,
230,Bentley Bentayga Hybrid,bentley_bentayga_hybrid,2022-04-20T11:35:30.479+02:00,2022-04-20T11:38:12.219+02:00,Bentayga Hybrid,Bentley,false,true,,4,7,16,17,15,,,,,,,
271,Renault Megane E-Tech Plug-In Hybrid,renault_megane_e-tech_plug-in_hybrid,2022-04-20T11:35:30.534+02:00,2022-04-20T11:38:12.262+02:00,Megane E-Tech Plug-In Hybrid,Renault,false,true,,18,17,16,7,,,,,,,,
272,Renault Megane Sport Tourer E-Tech Plug-In Hybrid,renault_megane_sport_tourer_e-tech_plug-in_hybrid,2022-04-20T11:35:30.535+02:00,2022-04-20T11:38:12.263+02:00,Megane Sport Tourer E-Tech Plug-In Hybrid,Renault,false,true,,7,16,17,15,18,,,,,,,
273,Dacia Spring 2021,dacia_spring_2021,2022-04-20T11:35:30.536+02:00,2022-04-20T11:38:12.264+02:00,Spring 2021,Dacia,false,true,,7,16,2,17,15,18,,,,,,
274,Audi e-tron GT 2022,audi_e-tron_gt_2022,2022-04-20T11:35:30.778+02:00,2022-04-20T11:38:12.265+02:00,e-tron GT 2022,Audi,false,true,,4,7,14,16,2,17,15,18,,,,
275,Audi A8 Plug-In Hybrid 2020,audi_a8_plug-in_hybrid_2020,2022-04-20T11:35:30.781+02:00,2022-04-20T11:38:12.266+02:00,A8 Plug-In Hybrid 2020,Audi,false,true,,18,17,16,7,,,,,,,,
276,Audi A8 Plug-In Hybrid 2021,audi_a8_plug-in_hybrid_2021,2022-04-20T11:35:30.782+02:00,2022-04-20T11:38:12.267+02:00,A8 Plug-In Hybrid 2021,Audi,false,true,,18,17,16,7,,,,,,,,
277,Audi A7 Sportback Plug-In Hybrid 2020,audi_a7_sportback_plug-in_hybrid_2020,2022-04-20T11:35:30.784+02:00,2022-04-20T11:38:12.268+02:00,A7 Sportback Plug-In Hybrid 2020,Audi,false,true,,7,16,17,15,18,,,,,,,
278,Audi A7 Sportback Plug-In Hybrid 2021,audi_a7_sportback_plug-in_hybrid_2021,2022-04-20T11:35:30.785+02:00,2022-04-20T11:38:12.268+02:00,A7 Sportback Plug-In Hybrid 2021,Audi,false,true,,18,17,16,7,,,,,,,,
279,Audi A6 Avant Plug-In Hybrid 2020,audi_a6_avant_plug-in_hybrid_2020,2022-04-20T11:35:30.786+02:00,2022-04-20T11:38:12.269+02:00,A6 Avant Plug-In Hybrid 2020,Audi,false,true,,7,16,17,15,18,,,,,,,
280,Audi A6 Avant Plug-In Hybrid 2021,audi_a6_avant_plug-in_hybrid_2021,2022-04-20T11:35:30.787+02:00,2022-04-20T11:38:12.271+02:00,A6 Avant Plug-In Hybrid 2021,Audi,false,true,,7,16,17,15,18,,,,,,,
281,Audi A6 Plug-In Hybrid 2020,audi_a6_plug-in_hybrid_2020,2022-04-20T11:35:30.788+02:00,2022-04-20T11:38:12.272+02:00,A6 Plug-In Hybrid 2020,Audi,false,true,,7,16,17,15,18,,,,,,,
282,Audi A6 Plug-In Hybrid 2021,audi_a6_plug-in_hybrid_2021,2022-04-20T11:35:30.789+02:00,2022-04-20T11:38:12.273+02:00,A6 Plug-In Hybrid 2021,Audi,false,true,,7,16,17,15,18,,,,,,,
283,Audi Q5 Plug-In Hybrid 2020,audi_q5_plug-in_hybrid_2020,2022-04-20T11:35:30.791+02:00,2022-04-20T11:38:12.274+02:00,Q5 Plug-In Hybrid 2020,Audi,false,true,,4,7,16,17,15,18,,,,,,
284,Audi Q5 Plug-In Hybrid 2021,audi_q5_plug-in_hybrid_2021,2022-04-20T11:35:30.792+02:00,2022-04-20T11:38:12.275+02:00,Q5 Plug-In Hybrid 2021,Audi,false,true,,7,16,17,15,18,,,,,,,
285,Audi Q5 Sportback Plug-In Hybrid 2021,audi_q5_sportback_plug-in_hybrid_2021,2022-04-20T11:35:30.793+02:00,2022-04-20T11:38:12.276+02:00,Q5 Sportback Plug-In Hybrid 2021,Audi,false,true,,18,17,16,7,,,,,,,,
286,Audi Q4 e-tron 2021,audi_q4_e-tron_2021,2022-04-20T11:35:30.794+02:00,2022-04-20T11:38:12.277+02:00,Q4 e-tron 2021,Audi,false,true,,4,7,16,2,17,18,,,,,,
287,Audi Q4 e-tron 2022,audi_q4_e-tron_2022,2022-04-20T11:35:30.796+02:00,2022-04-20T11:38:12.278+02:00,Q4 e-tron 2022,Audi,false,true,,7,16,2,17,18,,,,,,,
288,Mercedes EQS 580,mercedes_eqs_580,2022-04-20T11:35:30.797+02:00,2022-04-20T11:38:12.279+02:00,EQS 580,Mercedes,false,true,,7,16,2,17,18,,,,,,,
289,Audi e-tron Sportback 2021,audi_e-tron_sportback_2021,2022-04-20T11:35:30.799+02:00,2022-04-20T11:38:12.281+02:00,e-tron Sportback 2021,Audi,false,true,,7,16,2,17,15,18,,,,,,
290,Audi A7 Plug-In Hybrid 2021,audi_a7_plug-in_hybrid_2021,2022-04-20T11:35:30.800+02:00,2022-04-20T11:38:12.282+02:00,A7 Plug-In Hybrid 2021,Audi,false,true,,18,17,16,7,,,,,,,,
291,Audi A3 Plug-In Hybrid 2021,audi_a3_plug-in_hybrid_2021,2022-04-20T11:35:30.804+02:00,2022-04-20T11:38:12.283+02:00,A3 Plug-In Hybrid 2021,Audi,false,true,,18,17,16,7,,,,,,,,
292,Audi A3 Plug-In Hybrid 2022,audi_a3_plug-in_hybrid_2022,2022-04-20T11:35:30.805+02:00,2022-04-20T11:38:12.284+02:00,A3 Plug-In Hybrid 2022,Audi,false,true,,18,17,16,7,,,,,,,,
293,Audi Q7 Plug-In Hybrid 2020,audi_q7_plug-in_hybrid_2020,2022-04-20T11:35:30.807+02:00,2022-04-20T11:38:12.286+02:00,Q7 Plug-In Hybrid 2020,Audi,false,true,,7,16,17,15,18,,,,,,,
294,Audi Q7 Plug-In Hybrid 2021,audi_q7_plug-in_hybrid_2021,2022-04-20T11:35:30.808+02:00,2022-04-20T11:38:12.287+02:00,Q7 Plug-In Hybrid 2021,Audi,false,true,,18,17,16,7,,,,,,,,
295,Audi Q8 Plug-In Hybrid 2021,audi_q8_plug-in_hybrid_2021,2022-04-20T11:35:30.811+02:00,2022-04-20T11:38:12.288+02:00,Q8 Plug-In Hybrid 2021,Audi,false,true,,18,17,16,7,,,,,,,,
296,Audi Q3 Plug-In Hybrid 2021,audi_q3_plug-in_hybrid_2021,2022-04-20T11:35:30.812+02:00,2022-04-20T11:38:12.289+02:00,Q3 Plug-In Hybrid 2021,Audi,false,true,,7,16,17,15,18,,,,,,,
297,Audi Q3 Sportback Plug-In Hybrid 2021,audi_q3_sportback_plug-in_hybrid_2021,2022-04-20T11:35:30.813+02:00,2022-04-20T11:38:12.290+02:00,Q3 Sportback Plug-In Hybrid 2021,Audi,false,true,,7,16,17,15,18,,,,,,,
298,MG Motor HS Plug-In Hybrid,mg_motor_hs_plug-in_hybrid,2022-04-20T11:35:30.814+02:00,2022-04-20T11:38:12.291+02:00,HS Plug-In Hybrid,MG Motor,false,true,,18,17,16,7,,,,,,,,
299,Mercedes EQA250,mercedes_eqa250,2022-04-20T11:35:30.815+02:00,2022-04-20T11:38:12.292+02:00,EQA 250,Mercedes,false,true,,7,16,2,17,18,,,,,,,
300,Cupra Leon Plug-In Hybrid,cupra_leon_plug-in_hybrid,2022-04-20T11:35:30.817+02:00,2022-04-20T11:38:12.293+02:00,Leon Plug-In Hybrid,Cupra,false,true,,7,16,17,15,18,,,,,,,
301,Cupra Leon Estate Plug-In Hybrid,cupra_leon_estate_plug-in_hybrid,2022-04-20T11:35:30.818+02:00,2022-04-20T11:38:12.294+02:00,Leon Estate Plug-In Hybrid,Cupra,false,true,,7,16,17,15,18,,,,,,,
264,Hyundai Ioniq 5 2021,hyundai_ioniq_5_2021,2022-04-20T11:35:30.526+02:00,2022-04-20T11:38:12.255+02:00,Ioniq 5 2021,Hyundai,false,true,,7,16,2,17,15,18,,,,,,
266,Land Rover Range Rover Sport Plug-In Hybrid 2021,land_rover_range_rover_sport_plug-in_hybrid_2021,2022-04-20T11:35:30.528+02:00,2022-04-20T11:38:12.257+02:00,Range Rover Sport Plug-In Hybrid 2021,Land Rover,false,true,,18,17,16,7,,,,,,,,
267,Land Rover Range Rover Plug-In Hybrid 2021,land_rover_range_rover_plug-in_hybrid_2021,2022-04-20T11:35:30.529+02:00,2022-04-20T11:38:12.258+02:00,Range Rover Plug-In Hybrid 2021,Land Rover,false,true,,18,17,16,7,,,,,,,,
268,Land Rover Range Rover Velar Plug-In Hybrid 2021,land_rover_range_rover_velar_plug-in_hybrid_2021,2022-04-20T11:35:30.531+02:00,2022-04-20T11:38:12.259+02:00,Range Rover Velar Plug-In Hybrid 2021,Land Rover,false,true,,18,17,16,7,,,,,,,,
269,Land Rover Range Rover Evoque Plug-In Hybrid 2021,land_rover_range_rover_evoque_plug-in_hybrid_2021,2022-04-20T11:35:30.532+02:00,2022-04-20T11:38:12.260+02:00,Range Rover Evoque Plug-In Hybrid 2021,Land Rover,false,true,,18,17,16,7,,,,,,,,
270,Land Rover Defender Plug-In Hybrid 2021,land_rover_defender_plug-in_hybrid_2021,2022-04-20T11:35:30.533+02:00,2022-04-20T11:38:12.261+02:00,Defender Plug-In Hybrid 2021,Land Rover,false,true,,18,17,16,7,,,,,,,,
307,Kia Sorento Plug-In Hybrid 2021,kia_sorento_plug-in_hybrid_2021,2022-04-20T11:35:30.826+02:00,2022-04-20T11:38:12.299+02:00,Sorento Plug-In Hybrid 2021,Kia,false,true,,18,17,16,7,,,,,,,,
308,Vauxhall Mokka-e 2021,vauxhall_mokka-e_2021,2022-04-20T11:35:30.828+02:00,2022-04-20T11:38:12.301+02:00,Mokka-e 2021,Vauxhall,false,true,,7,16,2,17,15,18,,,,,,
309,Vauxhall Corsa-e 2021,vauxhall_corsa-e_2021,2022-04-20T11:35:30.829+02:00,2022-04-20T11:38:12.302+02:00,Corsa-e 2021,Vauxhall,false,true,,7,16,2,17,15,18,,,,,,
310,Vauxhall Vivaro-e 2021,vauxhall_vivaro-e_2021,2022-04-20T11:35:30.830+02:00,2022-04-20T11:38:12.303+02:00,Vivaro-e 2021,Vauxhall,false,true,,7,16,2,17,15,18,,,,,,
315,Volkswagen ABT e-Transporter,volkswagen_abt_e-transporter,2022-04-20T11:35:30.836+02:00,2022-04-20T11:38:12.309+02:00,ABT e-Transporter,Volkswagen,false,true,,7,16,2,17,15,18,,,,,,
316,Opel Mokka-e 2021,opel_mokka-e_2021,2022-04-20T11:35:30.837+02:00,2022-04-20T11:38:12.310+02:00,Mokka-e 2021,Opel,false,true,,7,2,17,15,18,,,,,,,
317,DFSK SERES-3,dfsk_seres-3,2022-04-20T11:35:30.838+02:00,2022-04-20T11:38:12.311+02:00,SERES-3,DFSK,false,true,,7,16,2,17,15,18,,,,,,
318,ZERO Automotive ZED70 Ti,zero_automotive_zed70_ti,2022-04-20T11:35:30.839+02:00,2022-04-20T11:38:12.312+02:00,ZED70 Ti,ZERO Automotive,false,true,,7,16,2,17,15,18,,,,,,
319,ZERO Automotive ZED70,zero_automotive_zed70,2022-04-20T11:35:30.841+02:00,2022-04-20T11:38:12.314+02:00,ZED70,ZERO Automotive,false,true,,7,16,2,17,15,18,,,,,,
320,Ford Escape Plug-In Hybrid 2021,ford_escape_plug-in_hybrid_2021,2022-04-20T11:35:30.842+02:00,2022-04-20T11:38:12.315+02:00,Escape Plug-In Hybrid 2021,Ford,false,true,,4,7,16,17,15,18,,,,,,
321,Ford Fusion Plug-In Hybrid Titanium 2021,ford_fusion_plug-in_hybrid_titanium_2021,2022-04-20T11:35:30.844+02:00,2022-04-20T11:38:12.316+02:00,Fusion Plug-In Hybrid Titanium 2021,Ford,false,true,,4,7,16,17,15,18,,,,,,
322,Ford Explorer Plug-In Hybrid 2021,ford_explorer_plug-in_hybrid_2021,2022-04-20T11:35:30.845+02:00,2022-04-20T11:38:12.317+02:00,Explorer Plug-In Hybrid 2021,Ford,false,true,,4,7,16,17,15,18,,,,,,
323,Ford Kuga Plug-In Hybrid 2021,ford_kuga_plug-in_hybrid_2021,2022-04-20T11:35:30.846+02:00,2022-04-20T11:38:12.318+02:00,Kuga Plug-In Hybrid 2021,Ford,false,true,,7,16,17,15,18,,,,,,,
324,DS 7 Crossback E-Tense,ds_7_crossback_e-tense,2022-04-20T11:35:30.847+02:00,2022-04-20T11:38:12.319+02:00,7 Crossback E-Tense,DS,false,true,,7,16,17,15,18,,,,,,,
325,BMW i3 2021,bmw_i3_2021,2022-04-20T11:35:30.848+02:00,2022-04-20T11:38:12.320+02:00,i3 2021,BMW,false,true,,4,7,16,2,17,15,18,,,,,
326,BMW X1 xDrive25e Plug-In Hybrid 2021,bmw_x1_xdrive25e_plug-in_hybrid_2021,2022-04-20T11:35:30.850+02:00,2022-04-20T11:38:12.321+02:00,X1 xDrive25e Plug-In Hybrid 2021,BMW,false,true,,7,16,17,15,18,,,,,,,
327,BMW X2 xDrive25e Plug-In Hybrid 2021,bmw_x2_xdrive25e_plug-in_hybrid_2021,2022-04-20T11:35:30.851+02:00,2022-04-20T11:38:12.322+02:00,X2 xDrive25e Plug-In Hybrid 2021,BMW,false,true,,7,16,17,15,18,,,,,,,
328,BMW 330e Plug-In Hybrid 2021,bmw_330e_plug-in_hybrid_2021,2022-04-20T11:35:30.852+02:00,2022-04-20T11:38:12.323+02:00,330e Plug-In Hybrid 2021,BMW,false,true,,4,7,16,17,15,18,,,,,,
329,BMW iX 2022,bmw_ix_2022,2022-04-20T11:35:30.853+02:00,2022-04-20T11:38:12.324+02:00,iX 2022,BMW,false,true,,7,16,2,17,15,18,,,,,,
330,BMW iX3 2021,bmw_ix3_2021,2022-04-20T11:35:30.855+02:00,2022-04-20T11:38:12.325+02:00,iX3 2021,BMW,false,true,,7,16,2,17,15,18,,,,,,
331,BMW 530e Plug-In Hybrid 2020,bmw_530e_plug-in_hybrid_2020,2022-04-20T11:35:30.856+02:00,2022-04-20T11:38:12.326+02:00,530e Plug-In Hybrid 2020,BMW,false,true,,4,7,16,17,15,18,,,,,,
332,BMW 530e Plug-In Hybrid 2021,bmw_530e_plug-in_hybrid_2021,2022-04-20T11:35:30.858+02:00,2022-04-20T11:38:12.327+02:00,530e Plug-In Hybrid 2021,BMW,false,true,,4,7,16,17,15,18,,,,,,
333,Peugeot e-Rifter,peugeot_e-rifter,2022-04-20T11:35:30.859+02:00,2022-04-20T11:38:12.328+02:00,e-Rifter,Peugeot,false,true,,2,17,16,7,,,,,,,,
334,Peugeot e-Traveller,peugeot_e-traveller,2022-04-20T11:35:30.860+02:00,2022-04-20T11:38:12.329+02:00,e-Traveller,Peugeot,false,true,,2,17,16,7,,,,,,,,
335,BMW 745e Plug-In Hybrid 2020,bmw_745e_plug-in_hybrid_2020,2022-04-20T11:35:30.861+02:00,2022-04-20T11:38:12.330+02:00,745e Plug-In Hybrid 2020,BMW,false,true,,18,17,16,7,,,,,,,,
336,BMW 745e Plug-In Hybrid 2021,bmw_745e_plug-in_hybrid_2021,2022-04-20T11:35:30.863+02:00,2022-04-20T11:38:12.331+02:00,745e Plug-In Hybrid 2021,BMW,false,true,,18,17,16,7,,,,,,,,
337,BMW 225xe Plug-In Hybrid 2020,bmw_225xe_plug-in_hybrid_2020,2022-04-20T11:35:30.865+02:00,2022-04-20T11:38:12.332+02:00,225xe Plug-In Hybrid 2020,BMW,false,true,,18,17,16,7,,,,,,,,
338,BMW 225xe Plug-In Hybrid 2021,bmw_225xe_plug-in_hybrid_2021,2022-04-20T11:35:30.866+02:00,2022-04-20T11:38:12.333+02:00,225xe Plug-In Hybrid 2021,BMW,false,true,,18,17,16,7,,,,,,,,
339,BMW i4 eDrive40 2021,bmw_i4_edrive40_2021,2022-04-20T11:35:30.868+02:00,2022-04-20T11:38:12.334+02:00,i4 eDrive40 2021,BMW,false,true,,7,16,2,17,18,,,,,,,
340,BMW iX 2021,bmw_ix_2021,2022-04-20T11:35:30.869+02:00,2022-04-20T11:38:12.335+02:00,iX 2021,BMW,false,true,,7,16,2,17,18,,,,,,,
342,Honda e 2021,honda_e_2021,2022-04-20T11:35:30.872+02:00,2022-04-20T11:38:12.337+02:00,e 2021,Honda,false,true,,7,16,2,17,15,,,,,,,
303,Kia Niro EV 2021,kia_niro_ev_2021,2022-04-20T11:35:30.821+02:00,2022-04-20T11:38:12.296+02:00,Niro EV 2021,Kia,false,true,,7,16,2,17,18,,,,,,,
304,Kia Niro Plug-In Hybrid 2021,kia_niro_plug-in_hybrid_2021,2022-04-20T11:35:30.822+02:00,2022-04-20T11:38:12.297+02:00,Niro Plug-In Hybrid 2021,Kia,false,true,,18,17,16,7,,,,,,,,
305,Kia Ceed Sportswagon Plug-in Hybrid 2021,kia_ceed_sportswagon_plug-in_hybrid_2021,2022-04-20T11:35:30.824+02:00,2022-04-20T11:38:12.298+02:00,Ceed Sportswagon Plug-in Hybrid 2021,Kia,false,true,,18,17,16,7,,,,,,,,
306,Kia XCeed Plug-In Hybrid 2021,kia_xceed_plug-in_hybrid_2021,2022-04-20T11:35:30.825+02:00,2022-04-20T11:38:12.298+02:00,XCeed Plug-In Hybrid 2021,Kia,false,true,,18,17,16,7,,,,,,,,
311,Opel Corsa-e 2021,opel_corsa-e_2021,2022-04-20T11:35:30.831+02:00,2022-04-20T11:38:12.304+02:00,Corsa-e 2021,Opel,false,true,,7,16,2,17,15,18,,,,,,
312,Opel Grandland X Plug-In Hybrid 2021,opel_grandland_x_plug-in_hybrid_2021,2022-04-20T11:35:30.832+02:00,2022-04-20T11:38:12.305+02:00,Grandland X Plug-In Hybrid 2021,Opel,false,true,,15,18,17,7,,,,,,,,
313,Vauxhall Grandland X Plug-In Hybrid 2021,vauxhall_grandland_x_plug-in_hybrid_2021,2022-04-20T11:35:30.834+02:00,2022-04-20T11:38:12.307+02:00,Grandland X Plug-In Hybrid 2021,Vauxhall,false,true,,17,16,7,,,,,,,,,
314,Volkswagen ABT e-Caddy,volkswagen_abt_e-caddy,2022-04-20T11:35:30.835+02:00,2022-04-20T11:38:12.308+02:00,ABT e-Caddy,Volkswagen,false,true,,7,16,2,17,15,18,,,,,,
345,Hyundai Ioniq Plug-In Hybrid 2020,hyundai_ioniq_plug-in_hybrid_2020,2022-04-20T11:35:30.875+02:00,2022-04-20T11:38:12.340+02:00,Ioniq Plug-In Hybrid 2020,Hyundai,false,true,,7,16,17,15,18,,,,,,,
356,SAIC Maxus eDeliver 3,saic_maxus_edeliver_3,2022-04-20T11:35:30.888+02:00,2022-04-20T11:38:12.350+02:00,Maxus eDeliver 3,SAIC,false,true,,7,16,17,15,18,,,,,,,
357,SAIC Maxus eDeliver 9,saic_maxus_edeliver_9,2022-04-20T11:35:30.889+02:00,2022-04-20T11:38:12.352+02:00,Maxus eDeliver 9,SAIC,false,true,,7,16,2,17,15,18,,,,,,
358,Volkswagen Arteon Shooting Brake Plug-In Hybrid,volkswagen_arteon_shooting_brake_plug-in_hybrid,2022-04-20T11:35:30.890+02:00,2022-04-20T11:38:12.355+02:00,Arteon Shooting Brake Plug-In Hybrid,Volkswagen,false,true,,7,16,17,15,18,,,,,,,
359,Volkswagen Arteon Plug-In Hybrid,volkswagen_arteon_plug-in_hybrid,2022-04-20T11:35:30.891+02:00,2022-04-20T11:38:12.357+02:00,Arteon Plug-In Hybrid,Volkswagen,false,true,,7,16,17,15,18,,,,,,,
360,Audi RS e-tron GT 2022,audi_rs_e-tron_gt_2022,2022-04-20T11:35:30.892+02:00,2022-04-20T11:38:12.358+02:00,RS e-tron GT 2022,Audi,false,true,,7,16,2,17,15,18,,,,,,
361,Audi Q3 Plug-In Hybrid 2022,audi_q3_plug-in_hybrid_2022,2022-04-20T11:35:30.893+02:00,2022-04-20T11:38:12.360+02:00,Q3 Plug-In Hybrid 2022,Audi,false,true,,7,16,17,15,18,,,,,,,
362,Audi Q3 Sportback Plug-In Hybrid 2022,audi_q3_sportback_plug-in_hybrid_2022,2022-04-20T11:35:30.895+02:00,2022-04-20T11:38:12.362+02:00,Q3 Sportback Plug-In Hybrid 2022,Audi,false,true,,7,16,17,15,18,,,,,,,
363,Audi A3 Sportback Plug-In Hybrid 2020,audi_a3_sportback_plug-in_hybrid_2020,2022-04-20T11:35:30.896+02:00,2022-04-20T11:38:12.363+02:00,A3 Sportback Plug-In Hybrid 2020,Audi,false,true,,4,7,16,17,15,18,,,,,,
364,Audi A3 Sportback Plug-In Hybrid 2021,audi_a3_sportback_plug-in_hybrid_2021,2022-04-20T11:35:30.897+02:00,2022-04-20T11:38:12.365+02:00,A3 Sportback Plug-In Hybrid 2021,Audi,false,true,,7,16,17,15,18,,,,,,,
365,SAIC Marvel R,saic_marvel_r,2022-04-20T11:35:30.898+02:00,2022-04-20T11:38:12.366+02:00,Marvel R,SAIC,false,true,,7,16,2,17,15,18,,,,,,
366,Mini Cooper SE 2022,mini_cooper_se_2022,2022-04-20T11:35:30.899+02:00,2022-04-20T11:38:12.367+02:00,Cooper SE 2022,Mini,false,true,,4,7,16,2,17,15,18,,,,,
367,Mercedes GLC300de,mercedes_glc300de,2022-04-20T11:35:30.900+02:00,2022-04-20T11:38:12.369+02:00,GLC300de,Mercedes,false,true,,7,16,17,15,18,,,,,,,
368,Suzuki Across Plug-In Hybrid,suzuki_across_plug-in_hybrid,2022-04-20T11:35:30.901+02:00,2022-04-20T11:38:12.370+02:00,Across Plug-In Hybrid,Suzuki,false,true,,7,16,17,15,18,,,,,,,
369,Kia Soul EV 2021,kia_soul_ev_2021,2022-04-20T11:35:30.903+02:00,2022-04-20T11:38:12.371+02:00,Soul EV 2021,Kia,false,true,,7,16,2,17,15,18,,,,,,
370,Nissan LEAF 2022,nissan_leaf_2022,2022-04-20T11:35:30.904+02:00,2022-04-20T11:38:12.372+02:00,LEAF 2022,Nissan,false,true,,17,3,16,7,,,,,,,,
371,Citroën e-Jumpy,citroën_e-jumpy,2022-04-20T11:35:30.905+02:00,2022-04-20T11:38:12.374+02:00,e-Jumpy,Citroën,false,true,,7,16,2,17,15,18,,,,,,
372,Citroën e-Dispatch,citroën_e-dispatch,2022-04-20T11:35:30.906+02:00,2022-04-20T11:38:12.375+02:00,e-Dispatch,Citroën,false,true,,7,16,2,17,15,18,,,,,,
373,BYD e3,byd_e3,2022-04-20T11:35:30.907+02:00,2022-04-20T11:38:12.376+02:00,e3,BYD,false,true,,7,16,2,17,15,18,,,,,,
374,Lynk & Co 01 Plug-In Hybrid,lynk_&_co_01_plug-in_hybrid,2022-04-20T11:35:30.908+02:00,2022-04-20T11:38:12.378+02:00,01 Plug-In Hybrid,Lynk & Co,false,true,,7,16,17,15,18,,,,,,,
375,Ather Energy Ather 450X,ather_energy_ather_450x,2022-04-20T11:35:30.909+02:00,2022-04-20T11:38:12.379+02:00,Ather 450X,Ather Energy,false,true,,7,16,17,15,18,,,,,,,
376,Ather Energy Ather 450,ather_energy_ather_450,2022-04-20T11:35:30.910+02:00,2022-04-20T11:38:12.380+02:00,Ather 450,Ather Energy,false,true,,7,16,17,15,18,,,,,,,
377,Bajaj Chetak,bajaj_chetak,2022-04-20T11:35:30.911+02:00,2022-04-20T11:38:12.383+02:00,Chetak,Bajaj Auto,false,true,,7,16,17,15,18,,,,,,,
378,Hero Electric Photon HX,hero_electric_photon_hx,2022-04-20T11:35:30.913+02:00,2022-04-20T11:38:12.388+02:00,Photon HX,Hero Electric,false,true,,7,16,17,15,18,,,,,,,
379,Hero Electric Optima,hero_electric_optima,2022-04-20T11:35:30.914+02:00,2022-04-20T11:38:12.390+02:00,Optima,Hero Electric,false,true,,7,16,17,15,18,,,,,,,
380,Hero Electric Nyx,hero_electric_nyx,2022-04-20T11:35:30.915+02:00,2022-04-20T11:38:12.391+02:00,Nyx,Hero Electric,false,true,,7,16,17,15,18,,,,,,,
381,SAIC Maxus Euniq 5,saic_maxus_euniq_5,2022-04-20T11:35:30.917+02:00,2022-04-20T11:38:12.392+02:00,Maxus Euniq 5,SAIC,false,true,,7,16,17,15,18,,,,,,,
383,Vectrix VX-1,vectrix_vx-1,2022-04-20T11:35:30.919+02:00,2022-04-20T11:38:12.394+02:00,VX-1,Vectrix,false,true,,18,17,16,7,,,,,,,,
384,Vectrix VX-2,vectrix_vx-2,2022-04-20T11:35:30.920+02:00,2022-04-20T11:38:12.395+02:00,VX-2,Vectrix,false,true,,18,17,16,7,,,,,,,,
344,Hyundai Plug-In Hybrid 2019,hyundai_plug-in_hybrid_2019,2022-04-20T11:35:30.874+02:00,2022-04-20T11:38:12.339+02:00,Ioniq Plug-In Hybrid 2019,Hyundai,false,true,,4,7,16,17,15,18,,,,,,
346,Hyundai Ioniq Plug-In Hybrid 2021,hyundai_ioniq_plug-in_hybrid_2021,2022-04-20T11:35:30.877+02:00,2022-04-20T11:38:12.341+02:00,Ioniq Plug-In Hybrid 2021,Hyundai,false,true,,7,16,17,15,18,,,,,,,
347,Hyundai Ioniq 5 2022,hyundai_ioniq_5_2022,2022-04-20T11:35:30.878+02:00,2022-04-20T11:38:12.342+02:00,Ioniq 5 2022,Hyundai,false,true,,4,7,16,2,17,18,,,,,,
348,GAC Aion V,gac_aion_v,2022-04-20T11:35:30.879+02:00,2022-04-20T11:38:12.343+02:00,V,GAC Aion,false,true,,7,16,2,17,15,18,,,,,,
349,GAC Aion Y,gac_aion_y,2022-04-20T11:35:30.880+02:00,2022-04-20T11:38:12.344+02:00,Y,GAC Aion,false,true,,7,16,2,17,15,18,,,,,,
350,GAC Aion S,gac_aion_s,2022-04-20T11:35:30.881+02:00,2022-04-20T11:38:12.344+02:00,S,GAC Aion,false,true,,7,16,2,17,15,18,,,,,,
351,GAC Aion LX,gac_aion_lx,2022-04-20T11:35:30.882+02:00,2022-04-20T11:38:12.345+02:00,LX,GAC Aion,false,true,,7,16,2,17,15,18,,,,,,
352,Citroën C5 Aircross Plug-In Hybrid,citroën_c5_aircross_plug-in_hybrid,2022-04-20T11:35:30.883+02:00,2022-04-20T11:38:12.346+02:00,C5 Aircross Plug-In Hybrid,Citroën,false,true,,7,16,17,15,18,,,,,,,
353,Jeep Renegade 4xe Plug-In Hybrid 2021,jeep_renegade_4xe_plug-in_hybrid_2021,2022-04-20T11:35:30.884+02:00,2022-04-20T11:38:12.347+02:00,Renegade 4xe Plug-In Hybrid 2021,Jeep,false,true,,7,16,17,15,18,,,,,,,
354,Jeep Compass 4xe Plug-In Hybrid 2021,jeep_compass_4xe_plug-in_hybrid_2021,2022-04-20T11:35:30.885+02:00,2022-04-20T11:38:12.348+02:00,Compass 4xe Plug-In Hybrid 2021,Jeep,false,true,,7,16,17,15,18,,,,,,,
389,Volvo S60 Recharge Plug-In Hybrid 2021,volvo_s60_recharge_plug-in_hybrid_2021,2022-04-20T11:35:30.926+02:00,2022-04-20T11:38:12.400+02:00,S60 Recharge Plug-In Hybrid 2021,Volvo,false,true,,4,7,16,17,15,18,,,,,,
390,Volvo S60 Recharge Plug-In Hybrid 2022,volvo_s60_recharge_plug-in_hybrid_2022,2022-04-20T11:35:30.928+02:00,2022-04-20T11:38:12.401+02:00,S60 Recharge Plug-In Hybrid 2022,Volvo,false,true,,4,7,16,17,15,18,,,,,,
391,Volvo V60 Recharge Plug-In Hybrid 2022,volvo_v60_recharge_plug-in_hybrid_2022,2022-04-20T11:35:30.929+02:00,2022-04-20T11:38:12.401+02:00,V60 Recharge Plug-In Hybrid 2022,Volvo,false,true,,4,7,16,17,15,18,,,,,,
392,Volvo XC90 Recharge Plug-In Hybrid 2021,volvo_xc90_recharge_plug-in_hybrid_2021,2022-04-20T11:35:30.930+02:00,2022-04-20T11:38:12.402+02:00,XC90 Recharge Plug-In Hybrid 2021,Volvo,false,true,,4,7,16,17,15,18,,,,,,
395,Volvo XC60 Recharge Plug-in Hybrid 2021,volvo_xc60_recharge_plug-in_hybrid_2021,2022-04-20T11:35:30.933+02:00,2022-04-20T11:38:12.405+02:00,XC60 Recharge Plug-in Hybrid 2021,Volvo,false,true,,4,7,16,17,15,18,,,,,,
396,Volvo XC60 Recharge Plug-in Hybrid 2022,volvo_xc60_recharge_plug-in_hybrid_2022,2022-04-20T11:35:30.934+02:00,2022-04-20T11:38:12.406+02:00,XC60 Recharge Plug-in Hybrid 2022,Volvo,false,true,,4,7,16,17,15,18,,,,,,
397,Volvo XC40 Recharge Plug-In Hybrid 2021,volvo_xc40_recharge_plug-in_hybrid_2021,2022-04-20T11:35:30.935+02:00,2022-04-20T11:38:12.406+02:00,XC40 Recharge Plug-In Hybrid 2021,Volvo,false,true,,18,17,16,7,,,,,,,,
443,Great Wall ORA Good Cat,great_wall_ora_good_cat,2022-04-20T11:35:30.990+02:00,2022-04-20T11:38:12.446+02:00,ORA Good Cat,Great Wall,false,true,,2,17,7,,,,,,,,,
398,Volvo XC40 Recharge Plug-In Hybrid 2022,volvo_xc40_recharge_plug-in_hybrid_2022,2022-04-20T11:35:30.937+02:00,2022-04-20T11:38:12.407+02:00,XC40 Recharge Plug-In Hybrid 2022,Volvo,false,true,,18,17,16,7,,,,,,,,
399,Volvo S90 Recharge Plug-In Hybrid 2020,volvo_s90_recharge_plug-in_hybrid_2020,2022-04-20T11:35:30.938+02:00,2022-04-20T11:38:12.408+02:00,S90 Recharge Plug-In Hybrid 2020,Volvo,false,true,,4,7,16,17,15,18,,,,,,
400,Volvo S90 Recharge Plug-In Hybrid 2021,volvo_s90_recharge_plug-in_hybrid_2021,2022-04-20T11:35:30.940+02:00,2022-04-20T11:38:12.409+02:00,S90 Recharge Plug-In Hybrid 2021,Volvo,false,true,,4,7,16,17,15,18,,,,,,
401,Volvo S90 Recharge Plug-In Hybrid 2022,volvo_s90_recharge_plug-in_hybrid_2022,2022-04-20T11:35:30.941+02:00,2022-04-20T11:38:12.410+02:00,S90 Recharge Plug-In Hybrid 2022,Volvo,false,true,,4,7,16,17,15,18,,,,,,
402,Lexus NX 450h+ Plug-In Hybrid 2022,lexus_nx_450h+_plug-in_hybrid_2022,2022-04-20T11:35:30.942+02:00,2022-04-20T11:38:12.410+02:00,NX 450h+ Plug-In Hybrid 2022,Lexus,false,true,,15,4,7,,,,,,,,,
403,BYD S1 Pro,byd_s1_pro,2022-04-20T11:35:30.943+02:00,2022-04-20T11:38:12.411+02:00,S1 Pro,BYD,false,true,,4,16,2,17,15,18,,,,,,
404,Kia Niro EV 2022,kia_niro_ev_2022,2022-04-20T11:35:30.944+02:00,2022-04-20T11:38:12.412+02:00,Niro EV 2022,Kia,false,true,,7,16,2,17,18,,,,,,,
405,Peugeot 308 Plug-In Hybrid,peugeot_308_plug-in_hybrid,2022-04-20T11:35:30.945+02:00,2022-04-20T11:38:12.413+02:00,308 Plug-In Hybrid,Peugeot,false,true,,17,16,7,,,,,,,,,
406,Peugeot 308 SW Plug-In Hybrid,peugeot_308_sw_plug-in_hybrid,2022-04-20T11:35:30.946+02:00,2022-04-20T11:38:12.413+02:00,308 SW Plug-In Hybrid,Peugeot,false,true,,17,16,7,,,,,,,,,
407,Kia Niro Plug-In Hybrid 2022,kia_niro_plug-in_hybrid_2022,2022-04-20T11:35:30.947+02:00,2022-04-20T11:38:12.414+02:00,Niro Plug-In Hybrid 2022,Kia,false,true,,18,17,16,7,,,,,,,,
408,Kia Sorento Plug-In Hybrid 2022,kia_sorento_plug-in_hybrid_2022,2022-04-20T11:35:30.949+02:00,2022-04-20T11:38:12.415+02:00,Sorento Plug-In Hybrid 2022,Kia,false,true,,18,17,16,7,,,,,,,,
409,Kia XCeed Plug-In Hybrid 2022,kia_xceed_plug-in_hybrid_2022,2022-04-20T11:35:30.950+02:00,2022-04-20T11:38:12.416+02:00,XCeed Plug-In Hybrid 2022,Kia,false,true,,18,17,16,7,,,,,,,,
410,JAC E-JS1,jac_e-js1,2022-04-20T11:35:30.952+02:00,2022-04-20T11:38:12.416+02:00,E-JS1,JAC,false,true,,7,16,2,17,18,,,,,,,
411,JAC E-JS4,jac_e-js4,2022-04-20T11:35:30.953+02:00,2022-04-20T11:38:12.417+02:00,E-JS4,JAC,false,true,,7,16,2,17,18,,,,,,,
412,JAC iEV20,jac_iev20,2022-04-20T11:35:30.954+02:00,2022-04-20T11:38:12.418+02:00,iEV20,JAC,false,true,,7,16,2,17,18,,,,,,,
413,JAC iEV40,jac_iev40,2022-04-20T11:35:30.955+02:00,2022-04-20T11:38:12.419+02:00,iEV40,JAC,false,true,,7,16,2,17,18,,,,,,,
414,JAC iEV1200T,jac_iev1200t,2022-04-20T11:35:30.957+02:00,2022-04-20T11:38:12.420+02:00,iEV1200T,JAC,false,true,,7,16,2,17,18,,,,,,,
415,JAC iEV750V,jac_iev750v,2022-04-20T11:35:30.958+02:00,2022-04-20T11:38:12.421+02:00,iEV750V,JAC,false,true,,7,16,2,17,18,,,,,,,
416,JAC iEV 350T,jac_iev_350t,2022-04-20T11:35:30.959+02:00,2022-04-20T11:38:12.422+02:00,iEV 350T,JAC,false,true,,7,16,2,17,18,,,,,,,
417,JAC iEV330P,jac_iev330p,2022-04-20T11:35:30.960+02:00,2022-04-20T11:38:12.423+02:00,iEV330P,JAC,false,true,,7,16,2,17,18,,,,,,,
418,Citroën Ami,citroën_ami,2022-04-20T11:35:30.961+02:00,2022-04-20T11:38:12.423+02:00,Ami,Citroën,false,true,,18,17,16,7,,,,,,,,
419,SAIC Maxus Euniq 5 Plug-In Hybrid,saic_maxus_euniq_5_plug-in_hybrid,2022-04-20T11:35:30.962+02:00,2022-04-20T11:38:12.424+02:00,Maxus Euniq 5 Plug-In Hybrid,SAIC,false,true,,18,17,16,7,,,,,,,,
420,Mitsubishi Eclipse Cross Plug-In Hybrid,mitsubishi_eclipse_cross_plug-in_hybrid,2022-04-20T11:35:30.963+02:00,2022-04-20T11:38:12.425+02:00,Eclipse Cross Plug-In Hybrid,Mitsubishi,false,true,,7,3,16,17,15,18,,,,,,
421,Kia EV6 2022,kia_ev6_2022,2022-04-20T11:35:30.964+02:00,2022-04-20T11:38:12.426+02:00,EV6 2022,Kia,false,true,,7,16,2,17,15,18,,,,,,
422,BYD Han,byd_han,2022-04-20T11:35:30.965+02:00,2022-04-20T11:38:12.426+02:00,Han,BYD,false,true,,7,16,2,17,18,,,,,,,
424,Mercedes EQA 350,mercedes_eqa_350,2022-04-20T11:35:30.968+02:00,2022-04-20T11:38:12.428+02:00,EQA 350,Mercedes,false,true,,7,16,2,17,18,,,,,,,
385,Vectrix VT-1,vectrix_vt-1,2022-04-20T11:35:30.921+02:00,2022-04-20T11:38:12.396+02:00,VT-1,Vectrix,false,true,,18,17,16,7,,,,,,,,
386,Volvo XC40 Recharge 2021,volvo_xc40_recharge_2021,2022-04-20T11:35:30.922+02:00,2022-04-20T11:38:12.397+02:00,XC40 Recharge 2021,Volvo,false,true,,4,7,16,2,17,15,18,,,,,
387,Volvo XC40 Recharge 2022,volvo_xc40_recharge_2022,2022-04-20T11:35:30.924+02:00,2022-04-20T11:38:12.398+02:00,XC40 Recharge 2022,Volvo,false,true,,4,7,16,2,17,15,18,,,,,
388,Volvo C40 Recharge 2022,volvo_c40_recharge_2022,2022-04-20T11:35:30.925+02:00,2022-04-20T11:38:12.399+02:00,C40 Recharge 2022,Volvo,false,true,,4,7,16,2,17,15,18,,,,,
393,Volvo XC90 Recharge Plug-In Hybrid 2022,volvo_xc90_recharge_plug-in_hybrid_2022,2022-04-20T11:35:30.931+02:00,2022-04-20T11:38:12.403+02:00,XC90 Recharge Plug-In Hybrid 2022,Volvo,false,true,,4,7,16,17,15,18,,,,,,
394,Volvo XC60 Recharge Plug-in Hybrid 2020,volvo_xc60_recharge_plug-in_hybrid_2020,2022-04-20T11:35:30.932+02:00,2022-04-20T11:38:12.404+02:00,XC60 Recharge Plug-in Hybrid 2020,Volvo,false,true,,4,7,16,17,15,18,,,,,,
428,Fonz Moto Arthur,fonz_moto_arthur,2022-04-20T11:35:30.972+02:00,2022-04-20T11:38:12.431+02:00,Arthur,Fonz Moto,false,true,,18,16,17,,,,,,,,,
429,Fonz Moto X1,fonz_moto_x1,2022-04-20T11:35:30.974+02:00,2022-04-20T11:38:12.432+02:00,X1,Fonz Moto,false,true,,18,17,16,7,,,,,,,,
431,Citroën e-SpaceTourer,citroën_e-spacetourer,2022-04-20T11:35:30.976+02:00,2022-04-20T11:38:12.433+02:00,e-SpaceTourer,Citroën,false,true,,7,16,2,17,18,,,,,,,
433,Peugeot 508 SW PSE Plug-In Hybrid,peugeot_508_sw_pse_plug-in_hybrid,2022-04-20T11:35:30.978+02:00,2022-04-20T11:38:12.435+02:00,508 SW PSE Plug-In Hybrid,Peugeot,false,true,,7,16,17,15,18,,,,,,,
434,Skywell ET5,skywell_et5,2022-04-20T11:35:30.979+02:00,2022-04-20T11:38:12.435+02:00,ET5,Skywell,false,true,,7,16,2,17,18,,,,,,,
435,Porsche Taycan 2022,porsche_taycan_2022,2022-04-20T11:35:30.980+02:00,2022-04-20T11:38:12.436+02:00,Taycan 2022,Porsche,false,true,,4,7,16,2,17,15,18,,,,,
437,Hozon Nezha U,hozon_nezha_u,2022-04-20T11:35:30.983+02:00,2022-04-20T11:38:12.438+02:00,Nezha U,Hozon,false,true,,7,16,2,17,18,,,,,,,
438,Hozon Nezha N01,hozon_nezha_n01,2022-04-20T11:35:30.984+02:00,2022-04-20T11:38:12.439+02:00,Nezha N01,Hozon,false,true,,7,16,2,17,18,,,,,,,
440,BMW i4 M50 2021,bmw_i4_m50_2021,2022-04-20T11:35:30.986+02:00,2022-04-20T11:38:12.442+02:00,i4 M50 2021,BMW,false,true,,7,16,2,17,18,,,,,,,
444,Mercedes EQB 300,mercedes_eqb_300,2022-04-20T11:35:30.991+02:00,2022-04-20T11:38:12.446+02:00,EQB 300,Mercedes,false,true,,7,16,2,17,18,,,,,,,
445,Mercedes EQB 350,mercedes_eqb_350,2022-04-20T11:35:30.993+02:00,2022-04-20T11:38:12.447+02:00,EQB 350,Mercedes,false,true,,7,16,2,17,18,,,,,,,
446,Ford Mustang Mach-E 2022,ford_mustang_mach-e_2022,2022-04-20T11:35:30.994+02:00,2022-04-20T11:38:12.448+02:00,Mustang Mach-E 2022,Ford,false,true,,2,17,16,7,,,,,,,,
447,BYD Song Pro DM-i,byd_song_pro_dm-i,2022-04-20T11:35:30.995+02:00,2022-04-20T11:38:12.449+02:00,Song Pro DM-i,BYD,false,true,,7,16,17,15,18,,,,,,,
449,Audi e-tron S 2022,audi_e-tron_s_2022,2022-04-20T11:35:30.998+02:00,2022-04-20T11:38:12.451+02:00,e-tron S 2022,Audi,false,true,,2,17,7,,,,,,,,,
450,Audi e-tron S Sportback 2022,audi_e-tron_s_sportback_2022,2022-04-20T11:35:30.999+02:00,2022-04-20T11:38:12.452+02:00,e-tron S Sportback 2022,Audi,false,true,,2,17,7,,,,,,,,,
451,BMW iX3 2022,bmw_ix3_2022,2022-04-20T11:35:31.000+02:00,2022-04-20T11:38:12.453+02:00,iX3 2022,BMW,false,true,,7,16,2,17,15,18,,,,,,
453,Mercedes S580 Plug-In Hybrid,mercedes_s580_plug-in_hybrid,2022-04-20T11:35:31.003+02:00,2022-04-20T11:38:12.454+02:00,S580 Plug-In Hybrid,Mercedes,false,true,,17,16,7,,,,,,,,,
455,Volkswagen e-Up! 2022,volkswagen_e-up!_2022,2022-04-20T11:35:31.006+02:00,2022-04-20T11:38:12.456+02:00,e-Up! 2022,Volkswagen,false,true,,4,7,16,2,17,18,,,,,,
17,Honda Accord Plug-In,honda_accord_plug-in,2022-04-20T11:35:30.153+02:00,2022-04-20T11:38:12.008+02:00,Accord Plug-In Hybrid,Honda,false,true,,4,7,16,17,15,18,,,,,,
19,Chevrolet Spark EV,chevrolet_spark_ev,2022-04-20T11:35:30.156+02:00,2022-04-20T11:38:12.010+02:00,Spark EV,Chevrolet,false,true,,4,7,16,2,17,15,18,,,,,
20,BMW i3,bmw_i3,2022-04-20T11:35:30.158+02:00,2022-04-20T11:38:12.011+02:00,i3,BMW,false,true,,4,7,16,2,17,15,18,,,,,
21,BMW i8,bmw_i8,2022-04-20T11:35:30.160+02:00,2022-04-20T11:38:12.012+02:00,i8,BMW,false,true,,9,4,7,16,2,17,15,18,,,,
22,Fiat 500e,fiat_500e,2022-04-20T11:35:30.161+02:00,2022-04-20T11:38:12.013+02:00,500e,Fiat,false,true,,4,7,16,17,15,18,,,,,,
23,Porsche Panamera S E-Hybrid,porsche_panamera_s_e-hybrid,2022-04-20T11:35:30.163+02:00,2022-04-20T11:38:12.014+02:00,Panamera S E-Hybrid,Porsche,false,true,,4,7,16,17,15,18,,,,,,
24,e-Golf,e-golf,2022-04-20T11:35:30.164+02:00,2022-04-20T11:38:12.015+02:00,e-Golf,Volkswagen,false,true,,4,7,16,2,17,15,18,,,,,
25,Zero S,zero_s,2022-04-20T11:35:30.165+02:00,2022-04-20T11:38:12.016+02:00,S,Zero Motorcycles,false,true,,4,7,17,15,18,,,,,,,
26,Zero DS,zero_ds,2022-04-20T11:35:30.167+02:00,2022-04-20T11:38:12.017+02:00,DS,Zero Motorcycles,false,true,,4,7,17,15,18,,,,,,,
27,Lightning LS-218,lightning_ls-218,2022-04-20T11:35:30.168+02:00,2022-04-20T11:38:12.018+02:00,LS-218,Lightning,false,true,,4,16,2,17,15,18,,,,,,
28,Mercedes B250e,mercedes_b250e,2022-04-20T11:35:30.169+02:00,2022-04-20T11:38:12.019+02:00,B250e,Mercedes,false,true,,18,17,16,7,,,,,,,,
29,Kia Soul EV,kia_soul_ev,2022-04-20T11:35:30.171+02:00,2022-04-20T11:38:12.020+02:00,Soul EV,Kia,false,true,,4,3,17,15,18,,,,,,,
30,Opel Ampera,opel_ampera,2022-04-20T11:35:30.172+02:00,2022-04-20T11:38:12.022+02:00,Ampera,Opel,false,true,,2,17,4,7,,,,,,,,
31,Th!nk City,th!nk_city,2022-04-20T11:35:30.174+02:00,2022-04-20T11:38:12.023+02:00,Th!nk City,Think Global,false,true,,17,4,7,,,,,,,,,
32,ZOE,zoe,2022-04-20T11:35:30.177+02:00,2022-04-20T11:38:12.024+02:00,Zoe,Renault,false,true,,4,7,16,2,17,18,,,,,,
33,Fluence Z.E.,fluence_z.e.,2022-04-20T11:35:30.178+02:00,2022-04-20T11:38:12.025+02:00,Fluence Z.E.,Renault,false,true,,17,4,7,,,,,,,,,
34,Kangoo Z.E.,kangoo_z.e.,2022-04-20T11:35:30.179+02:00,2022-04-20T11:38:12.027+02:00,Kangoo Z.E.,Renault,false,true,,17,4,7,,,,,,,,,
35,Twizy,twizy,2022-04-20T11:35:30.181+02:00,2022-04-20T11:38:12.027+02:00,Twizy,Renault,false,true,,2,17,4,7,,,,,,,,
36,BYD e6,byd_e6,2022-04-20T11:35:30.182+02:00,2022-04-20T11:38:12.028+02:00,e6,BYD,false,true,,9,4,14,7,3,2,17,15,18,,,
37,C-Zero,c-zero,2022-04-20T11:35:30.183+02:00,2022-04-20T11:38:12.029+02:00,C-Zero,Citroën,false,true,,17,3,4,7,,,,,,,,
38,Outlander Plug-In Hybrid,outlander_plug-in_hybrid,2022-04-20T11:35:30.185+02:00,2022-04-20T11:38:12.030+02:00,Outlander Plug-In Hybrid,Mitsubishi,false,true,,4,7,3,16,17,15,18,,,,,
39,e-up!,e-up!,2022-04-20T11:35:30.186+02:00,2022-04-20T11:38:12.031+02:00,e-up!,Volkswagen,false,true,,2,17,4,7,,,,,,,,
40,Porsche Cayenne S E-Hybrid,porsche_cayenne_s_e-hybrid,2022-04-20T11:35:30.187+02:00,2022-04-20T11:38:12.032+02:00,Cayenne S E-Hybrid,Porsche,false,true,,4,7,16,17,15,18,,,,,,
42,Golf GTE,golf_gte,2022-04-20T11:35:30.191+02:00,2022-04-20T11:38:12.034+02:00,Golf GTE,Volkswagen,false,true,,11,17,16,7,,,,,,,,
425,Mercedes EQS 450+,mercedes_eqs_450+,2022-04-20T11:35:30.969+02:00,2022-04-20T11:38:12.429+02:00,EQS 450+,Mercedes,false,true,,7,16,2,17,18,,,,,,,
41,S550 Plug-In Hybrid,s550_plug-in_hybrid,2022-04-20T11:35:30.190+02:00,2022-04-20T11:38:12.033+02:00,S550 Plug-In Hybrid,Mercedes,false,true,,4,7,16,17,15,18,,,,,,
43,X5 xDrive40e Plug-In Hybrid,x5_xdrive40e_plug-in_hybrid,2022-04-20T11:35:30.192+02:00,2022-04-20T11:38:12.035+02:00,X5 xDrive40e Plug-In Hybrid,BMW,false,true,,4,7,16,17,15,18,,,,,,
44,A3 Sportback e-tron,a3_sportback_e-tron,2022-04-20T11:35:30.194+02:00,2022-04-20T11:38:12.036+02:00,A3 Sportback e-tron,Audi,false,true,,4,7,16,17,15,18,,,,,,
45,xC90 Recharge Plug-In Hybrid,xc90_recharge_plug-in_hybrid,2022-04-20T11:35:30.195+02:00,2022-04-20T11:38:12.037+02:00,XC90 Recharge Plug-In Hybrid,Volvo,false,true,,4,7,16,17,15,18,,,,,,
46,Tesla Model X,tesla_model_x,2022-04-20T11:35:30.196+02:00,2022-04-20T11:38:12.038+02:00,Model X,Tesla,false,true,,9,7,16,2,1,17,18,1,,,,
47,Nissan e-NV200,nissan_e-nv200,2022-04-20T11:35:30.198+02:00,2022-04-20T11:38:12.039+02:00,e-NV200,Nissan,false,true,,9,4,7,3,16,17,15,18,,,,
48,Chevrolet Volt Gen2,chevrolet_volt_gen2,2022-04-20T11:35:30.199+02:00,2022-04-20T11:38:12.040+02:00,Volt Gen2,Chevrolet,false,true,,9,4,7,16,17,15,18,,,,,
49,Nissan LEAF 2016,nissan_leaf_2016,2022-04-20T11:35:30.200+02:00,2022-04-20T11:38:12.041+02:00,LEAF 2016,Nissan,false,true,,9,4,7,3,16,17,15,18,,,,
50,Volkswagen Passat GTE Plug-In Hybrid,volkswagen_passat_gte_plug-in_hybrid,2022-04-20T11:35:30.202+02:00,2022-04-20T11:38:12.042+02:00,Passat GTE Plug-In Hybrid,Volkswagen,false,true,,18,17,16,7,,,,,,,,
51,BMW 330e Plug-In Hybrid,bmw_330e_plug-in_hybrid,2022-04-20T11:35:30.203+02:00,2022-04-20T11:38:12.043+02:00,330e Plug-In Hybrid,BMW,false,true,,4,7,16,17,15,18,,,,,,
52,GLE 550e,gle_550e,2022-04-20T11:35:30.204+02:00,2022-04-20T11:38:12.044+02:00,GLE 550e Plug-In Hybrid,Mercedes,false,true,,4,7,16,17,15,18,,,,,,
53,Mercedes C350e Plug-in Hybrid,mercedes_c350e_plug-in_hybrid,2022-04-20T11:35:30.205+02:00,2022-04-20T11:38:12.045+02:00,C350e Plug-in Hybrid,Mercedes,false,true,,4,7,16,17,15,18,,,,,,
54,BMW 740e Plug-In Hybrid,bmw_740e_plug-in_hybrid,2022-04-20T11:35:30.207+02:00,2022-04-20T11:38:12.046+02:00,740e Plug-In Hybrid,BMW,false,true,,15,4,,,,,,,,,,
55,Chevrolet Bolt EV,chevrolet_bolt_ev,2022-04-20T11:35:30.208+02:00,2022-04-20T11:38:12.047+02:00,Bolt EV,Chevrolet,false,true,,4,7,16,2,17,15,18,,,,,
56,Volvo V60 Recharge Plug-In Hybrid,volvo_v60_recharge_plug-in_hybrid,2022-04-20T11:35:30.209+02:00,2022-04-20T11:38:12.048+02:00,V60 Recharge Plug-In Hybrid,Volvo,false,true,,4,7,16,17,15,18,,,,,,
57,Kia Optima Plug-In Hybrid,kia_optima_plug-in_hybrid,2022-04-20T11:35:30.210+02:00,2022-04-20T11:38:12.049+02:00,Optima Plug-In Hybrid,Kia,false,true,,4,7,16,17,15,,,,,,,
58,Hyundai Ioniq Electric,hyundai_ioniq_electric,2022-04-20T11:35:30.212+02:00,2022-04-20T11:38:12.050+02:00,Ioniq Electric,Hyundai,false,true,,4,7,16,2,17,15,18,,,,,
59,Ford Focus Electric 2017,ford_focus_electric_2017,2022-04-20T11:35:30.214+02:00,2022-04-20T11:38:12.051+02:00,Focus Electric 2017,Ford,false,true,,4,7,16,2,17,15,18,,,,,
60,BMW 530e Plug-In Hybrid,bmw_530e_plug-in_hybrid,2022-04-20T11:35:30.215+02:00,2022-04-20T11:38:12.051+02:00,530e Plug-In Hybrid,BMW,false,true,,4,7,16,17,15,18,,,,,,
61,Volvo S90 Recharge Plug-In Hybrid,volvo_s90_recharge_plug-in_hybrid,2022-04-20T11:35:30.217+02:00,2022-04-20T11:38:12.052+02:00,S90 Recharge Plug-In Hybrid,Volvo,false,true,,4,7,16,17,15,18,,,,,,
62,Mini Cooper Countryman Plug-In Hybrid,mini_cooper_countryman_plug-in_hybrid,2022-04-20T11:35:30.218+02:00,2022-04-20T11:38:12.053+02:00,Countryman Plug-In Hybrid,Mini,false,true,,4,7,16,17,15,18,,,,,,
63,e-Golf 2017,e-golf_2017,2022-04-20T11:35:30.221+02:00,2022-04-20T11:38:12.055+02:00,e-Golf 2017,Volkswagen,false,true,,4,7,16,2,17,15,18,,,,,
64,Soul EV 2018,soul_ev_2018,2022-04-20T11:35:30.222+02:00,2022-04-20T11:38:12.056+02:00,Soul EV 2018,Kia,false,true,,4,3,17,15,18,,,,,,,
65,Niro Plug-In Hybrid 2018,niro_plug-in_hybrid_2018,2022-04-20T11:35:30.223+02:00,2022-04-20T11:38:12.057+02:00,Niro Plug-In Hybrid 2018,Kia,false,true,,4,7,16,17,15,18,,,,,,
66,Nissan LEAF 2017,nissan_leaf_2017,2022-04-20T11:35:30.225+02:00,2022-04-20T11:38:12.058+02:00,LEAF 2017,Nissan,false,true,,9,4,7,3,16,17,15,18,,,,
67,Nissan LEAF 2018,nissan_leaf_2018,2022-04-20T11:35:30.226+02:00,2022-04-20T11:38:12.059+02:00,LEAF 2018,Nissan,false,true,,9,4,7,3,16,17,15,18,,,,
68,BMW 225xe Plug-In Hybrid,bmw_225xe_plug-in_hybrid,2022-04-20T11:35:30.227+02:00,2022-04-20T11:38:12.060+02:00,225xe Plug-In Hybrid,BMW,false,true,,4,7,16,17,15,18,,,,,,
69,Peugeot iOn,peugeot_ion,2022-04-20T11:35:30.229+02:00,2022-04-20T11:38:12.061+02:00,iOn,Peugeot,false,true,,4,7,3,16,17,15,18,,,,,
70,Ioniq Plug-In Hybrid,ioniq_plug-in_hybrid,2022-04-20T11:35:30.230+02:00,2022-04-20T11:38:12.062+02:00,Ioniq Plug-In Hybrid,Hyundai,false,true,,4,7,16,17,15,18,,,,,,
71,Ford Focus Electric 2018,ford_focus_electric_2018,2022-04-20T11:35:30.231+02:00,2022-04-20T11:38:12.063+02:00,Focus Electric 2018,Ford,false,true,,4,7,16,2,17,15,18,,,,,
73,Volvo XC60 Recharge Plug-in Hybrid,volvo_xc60_recharge_plug-in_hybrid,2022-04-20T11:35:30.234+02:00,2022-04-20T11:38:12.065+02:00,XC60 Recharge Plug-in Hybrid,Volvo,false,true,,4,7,16,17,15,18,,,,,,
74,Jaguar I-PACE,jaguar_i-pace,2022-04-20T11:35:30.235+02:00,2022-04-20T11:38:12.065+02:00,I-PACE,Jaguar,false,true,,4,7,16,2,17,15,18,,,,,
76,Volvo V90 Plug-In Hybrid,volvo_v90_plug-in_hybrid,2022-04-20T11:35:30.238+02:00,2022-04-20T11:38:12.067+02:00,V90 Plug-In Hybrid,Volvo,false,true,,4,7,16,17,15,18,,,,,,
78,Other,other,2022-04-20T11:35:30.241+02:00,2022-04-20T11:38:12.069+02:00,Other,Other,false,true,,11,9,4,14,7,3,16,2,8,17,15,18
139,Volkswagen e-Golf 2019,volkswagen_e-golf_2019,2022-04-20T11:35:30.338+02:00,2022-04-20T11:38:12.125+02:00,e-Golf 2019,Volkswagen,false,true,,4,7,16,2,17,15,18,,,,,
265,Land Rover Discovery Sport Plug-In Hybrid 2021,land_rover_discovery_sport_plug-in_hybrid_2021,2022-04-20T11:35:30.527+02:00,2022-04-20T11:38:12.256+02:00,Discovery Sport Plug-In Hybrid 2021,Land Rover,false,true,,18,17,16,7,,,,,,,,
302,Cupra Formentor Plug-In Hybrid,cupra_formentor_plug-in_hybrid,2022-04-20T11:35:30.820+02:00,2022-04-20T11:38:12.295+02:00,Formentor Plug-In Hybrid,Cupra,false,true,,7,16,17,15,18,,,,,,,
72,BMW i3 2018,bmw_i3_2018,2022-04-20T11:35:30.233+02:00,2022-04-20T11:38:12.064+02:00,i3 2018,BMW,false,true,,4,7,16,2,17,15,18,,,,,
75,Hyundai Kona Electric 2019,hyundai_kona_electric_2019,2022-04-20T11:35:30.237+02:00,2022-04-20T11:38:12.066+02:00,Kona Electric 2019,Hyundai,false,true,,4,7,16,2,17,15,18,,,,,
77,Nissan LEAF 2019,nissan_leaf_2019,2022-04-20T11:35:30.239+02:00,2022-04-20T11:38:12.068+02:00,LEAF 2019,Nissan,false,true,,9,7,3,16,17,15,18,,,,,
89,Mercedes E350e,mercedes_e350e,2022-04-20T11:35:30.257+02:00,2022-04-20T11:38:12.079+02:00,E350e,Mercedes,false,true,,15,18,12,,,,,,,,,
137,Harley Davidson LiveWire,harley_davidson_livewire,2022-04-20T11:35:30.330+02:00,2022-04-20T11:38:12.124+02:00,LiveWire,Harley Davidson,false,true,,11,4,14,16,2,17,15,18,,,,
178,Porsche Panamera 4 E-Hybrid 2018,porsche_panamera_4_e-hybrid_2018,2022-04-20T11:35:30.400+02:00,2022-04-20T11:38:12.162+02:00,Panamera 4 E-Hybrid 2018,Porsche,false,true,,4,7,16,17,15,18,,,,,,
180,Porsche Panamera 4 E-Hybrid 2020,porsche_panamera_4_e-hybrid_2020,2022-04-20T11:35:30.404+02:00,2022-04-20T11:38:12.165+02:00,Panamera 4 E-Hybrid 2020,Porsche,false,true,,4,7,16,17,15,18,,,,,,
260,Hyundai Tucson Plug-In Hybrid 2022,hyundai_tucson_plug-in_hybrid_2022,2022-04-20T11:35:30.521+02:00,2022-04-20T11:38:12.252+02:00,Tucson Plug-In Hybrid 2022,Hyundai,false,true,,4,7,16,17,15,18,,,,,,
341,BMW i4 eDrive40 2022,bmw_i4_edrive40_2022,2022-04-20T11:35:30.870+02:00,2022-04-20T11:38:12.336+02:00,i4 eDrive40 2022,BMW,false,true,,4,7,16,2,17,15,18,,,,,
343,Hyundai Santa Fe Plug-In Hybrid 2022,hyundai_santa_fe_plug-in_hybrid_2022,2022-04-20T11:35:30.873+02:00,2022-04-20T11:38:12.338+02:00,Santa Fe Plug-In Hybrid 2022,Hyundai,false,true,,18,17,16,7,,,,,,,,
382,Zero Motorcycles FXE,zero_motorcycles_fxe,2022-04-20T11:35:30.918+02:00,2022-04-20T11:38:12.393+02:00,Zero Motorcycles FXE,Zero Motorcycles,false,true,,18,17,16,7,,,,,,,,
423,Mercedes EQA 300,mercedes_eqa_300,2022-04-20T11:35:30.966+02:00,2022-04-20T11:38:12.427+02:00,EQA 300,Mercedes,false,true,,7,16,2,17,18,,,,,,,
427,Geely Geometry A,geely_geometry_a,2022-04-20T11:35:30.971+02:00,2022-04-20T11:38:12.430+02:00,Geometry A,Geely,false,true,,7,16,2,17,18,,,,,,,
430,Fonz Moto NKD,fonz_moto_nkd,2022-04-20T11:35:30.975+02:00,2022-04-20T11:38:12.432+02:00,NKD,Fonz Moto,false,true,,18,7,16,17,,,,,,,,
432,Peugeot 508 PSE Plug-In Hybrid,peugeot_508_pse_plug-in_hybrid,2022-04-20T11:35:30.977+02:00,2022-04-20T11:38:12.434+02:00,508 PSE Plug-In Hybrid,Peugeot,false,true,,7,16,17,15,18,,,,,,,
436,Opel Vivaro-e,opel_vivaro-e,2022-04-20T11:35:30.981+02:00,2022-04-20T11:38:12.437+02:00,Vivaro-e,Opel,false,true,,7,16,2,17,18,,,,,,,
439,Cupra Born,cupra_born,2022-04-20T11:35:30.985+02:00,2022-04-20T11:38:12.440+02:00,Born,Cupra,false,true,,7,16,2,17,18,,,,,,,
441,BMW i4 M50 2022,bmw_i4_m50_2022,2022-04-20T11:35:30.987+02:00,2022-04-20T11:38:12.443+02:00,i4 M50 2022,BMW,false,true,,7,16,2,17,18,,,,,,,
442,Land Rover Defender Plug-In Hybrid 2020,land_rover_defender_plug-in_hybrid_2020,2022-04-20T11:35:30.988+02:00,2022-04-20T11:38:12.445+02:00,Defender Plug-In Hybrid 2020,Land Rover,false,true,,7,16,17,15,18,,,,,,,
448,Toyota RAV4 Prime 2022,toyota_rav4_prime_2022,2022-04-20T11:35:30.996+02:00,2022-04-20T11:38:12.450+02:00,RAV4 Prime 2022,Toyota,false,true,,18,17,16,7,,,,,,,,
452,BMW CE 04,bmw_ce_04,2022-04-20T11:35:31.002+02:00,2022-04-20T11:38:12.453+02:00,CE 04,BMW,false,true,,15,4,7,,,,,,,,,
454,Volkswagen e-Up! 2021,volkswagen_e-up!_2021,2022-04-20T11:35:31.004+02:00,2022-04-20T11:38:12.455+02:00,e-Up! 2021,Volkswagen,false,true,,4,7,16,2,17,18,,,,,,
